id;marca_madre;submarca;especie;etapa_vida;nombre;formatos;descripcion;ingredientes;analisis_garantizado;imagen_local;url_imagen_original;url_origen
josera-josera-marinesse-2-kgs-gato-adulto-hipoalerg-nico-salm-n;Josera;Josera;gato;adulto;Josera Marinesse 2 kgs - Gato Adulto - Hipoalergénico Salmón;2 kg;Alimento completo para gatos adultos, sus excepcionales ingredientes sólo incluyen proteínas derivadas de sabroso salmón, arroz y patatas, una nutrición perfecta para gatos con aparatos digestivos delicados.;Consulte el empaque o especificación técnica del fabricante.;"{""Tipo De Producto"": ""Alimento super premium"", ""Especie Animal"": ""Felino""}";Imagenes_Alimentos/Cooprinsem/gatos/josera/josera-josera-marinesse-2-kgs-gato-adulto-hipoalerg-nico-salm-n.jpg;https://cooprinsem.cl/img/p/es-default-home_default.jpg;https://cooprinsem.cl/mascotas/289-josera-marinesse-2-kg-gato-adulto-hipoalargenico-salmon.html
josera-josera-marinesse-10-kgs-gato-adulto-hipoalerg-nico-salm-n;Josera;Josera;gato;adulto;Josera Marinesse 10 kgs - Gato Adulto - Hipoalergénico Salmón;10 kg;Alimento completo para gatos adultos, sus excepcionales ingredientes sólo incluyen proteínas derivadas de sabroso salmón, arroz y patatas, una nutrición perfecta para gatos con aparatos digestivos delicados.;Consulte el empaque o especificación técnica del fabricante.;"{""Tipo De Producto"": ""Alimento super premium"", ""Especie Animal"": ""Felino""}";Imagenes_Alimentos/Cooprinsem/gatos/josera/josera-josera-marinesse-10-kgs-gato-adulto-hipoalerg-nico-salm-n.jpg;https://cooprinsem.cl/img/p/es-default-home_default.jpg;https://cooprinsem.cl/mascotas/290-josera-marinesse-10-kg-gato-adulto-hipoalargenico-salmon.html
josera-josera-daily-cat-2-kgs-gato-adulto-sensibilidad-digestiva;Josera;Josera;gato;adulto;Josera Daily Cat 2 kgs - Gato Adulto - Sensibilidad Digestiva;2 kg;Alimento completo para gatos adultos de interior y de exterior con deliciosa ave y libre de granos. Sus ingredientes garantizan una piel sana y un pelo brillante, además de evitar la formación de bolas de pelo.;Consulte el empaque o especificación técnica del fabricante.;"{""Tipo De Producto"": ""Alimento super premium"", ""Especie Animal"": ""Felino""}";Imagenes_Alimentos/Cooprinsem/gatos/josera/josera-josera-daily-cat-2-kgs-gato-adulto-sensibilidad-digestiva.jpg;https://cooprinsem.cl/img/p/es-default-home_default.jpg;https://cooprinsem.cl/mascotas/291-josera-daily-cat-2-kg-gato-adulto-sensibilidad-digestiva.html
josera-josera-daily-cat-10-kgs-gato-adulto-sensibilidad-digestiva;Josera;Josera;gato;adulto;Josera Daily Cat 10 kgs - Gato Adulto - Sensibilidad Digestiva;10 kg;Alimento completo para gatos adultos de interior y de exterior con deliciosa ave y libre de granos. Sus ingredientes garantizan una piel sana y un pelo brillante, además de evitar la formación de bolas de pelo.;Consulte el empaque o especificación técnica del fabricante.;"{""Tipo De Producto"": ""Alimento super premium"", ""Especie Animal"": ""Felino""}";Imagenes_Alimentos/Cooprinsem/gatos/josera/josera-josera-daily-cat-10-kgs-gato-adulto-sensibilidad-digestiva.jpg;https://cooprinsem.cl/img/p/es-default-home_default.jpg;https://cooprinsem.cl/mascotas/292-josera-daily-cat-10-kg-gato-adulto-sensibilidad-digestiva.html
josera-josera-naturelle-2-kgs-gato-adulto-esterilizado;Josera;Josera;gato;adulto;Josera Naturelle 2 kgs - Gato Adulto Esterilizado;2 kg;Alimento completo para gatos adultos, libre de granos y con una perfecta combinación de trucha y lentejas. Ideal para gatos de interior y esterilizados por su moderado contenido en grasas.;Consulte el empaque o especificación técnica del fabricante.;"{""Tipo De Producto"": ""Alimento super premium"", ""Especie Animal"": ""Felino""}";Imagenes_Alimentos/Cooprinsem/gatos/josera/josera-josera-naturelle-2-kgs-gato-adulto-esterilizado.jpg;https://cooprinsem.cl/img/p/es-default-home_default.jpg;https://cooprinsem.cl/mascotas/293-josera-naturelle-2-kg-gato-adulto-esterilizado.html
josera-josera-naturelle-10-kgs-gato-adulto-esterilizado;Josera;Josera;gato;adulto;Josera Naturelle 10 kgs - Gato Adulto Esterilizado;10 kg;Alimento completo para gatos adultos, libre de granos y con una perfecta combinación de trucha y lentejas. Ideal para gatos de interior y esterilizados por su moderado contenido en grasas.;Consulte el empaque o especificación técnica del fabricante.;"{""Tipo De Producto"": ""Alimento super premium"", ""Especie Animal"": ""Felino""}";Imagenes_Alimentos/Cooprinsem/gatos/josera/josera-josera-naturelle-10-kgs-gato-adulto-esterilizado.jpg;https://cooprinsem.cl/img/p/es-default-home_default.jpg;https://cooprinsem.cl/mascotas/294-josera-naturelle-10-kg-gato-adulto-esterilizado.html
josera-josera-naturecat-2-kgs-gato-cachorro-adulto-alta-actividad;Josera;Josera;gato;cachorro;Josera Naturecat 2 kgs - Gato Cachorro/ Adulto - Alta Actividad;2 kg;Alimento completo para gatos adultos, libre de granos y con una perfecta combinación de aves de corral y salmón. También es ideal para gatitos a partir de los 6 meses que requieren una dieta sin cereales.;Consulte el empaque o especificación técnica del fabricante.;"{""Tipo De Producto"": ""Alimento super premium"", ""Especie Animal"": ""Felino""}";Imagenes_Alimentos/Cooprinsem/gatos/josera/josera-josera-naturecat-2-kgs-gato-cachorro-adulto-alta-actividad.jpg;https://cooprinsem.cl/img/p/es-default-home_default.jpg;https://cooprinsem.cl/mascotas/295-josera-naturecat-2-kg-gato-cachorro-adulto-alta-actividad.html
josera-josera-naturecat-10-kgs-gato-cachorro-adulto-alta-actividad;Josera;Josera;gato;cachorro;Josera Naturecat 10 kgs - Gato Cachorro/ Adulto - Alta Actividad;10 kg;Alimento completo para gatos adultos, libre de granos y con una perfecta combinación de aves de corral y salmón. También es ideal para gatitos a partir de los 6 meses que requieren una dieta sin cereales.;Consulte el empaque o especificación técnica del fabricante.;"{""Tipo De Producto"": ""Alimento super premium"", ""Especie Animal"": ""Felino""}";Imagenes_Alimentos/Cooprinsem/gatos/josera/josera-josera-naturecat-10-kgs-gato-cachorro-adulto-alta-actividad.jpg;https://cooprinsem.cl/img/p/es-default-home_default.jpg;https://cooprinsem.cl/mascotas/296-josera-naturecat-10-kg-gato-cachorro-adulto-alta-actividad.html
josera-josera-kitten-grain-free-2-kgs-gato-cachorro;Josera;Josera;gato;cachorro;Josera Kitten Grain Free 2 kgs - Gato Cachorro;2 kg;Alimento completo para gatos adultos de interior y de exterior con deliciosa ave y libre de granos. Sus ingredientes garantizan una piel sana y un pelo brillante, además de evitar la formación de bolas de pelo.;Consulte el empaque o especificación técnica del fabricante.;"{""Tipo De Producto"": ""Alimento super premium"", ""Especie Animal"": ""Felino""}";Imagenes_Alimentos/Cooprinsem/gatos/josera/josera-josera-kitten-grain-free-2-kgs-gato-cachorro.jpg;https://cooprinsem.cl/img/p/es-default-home_default.jpg;https://cooprinsem.cl/mascotas/297-josera-kitten-grain-free-2-kg-gato-cachorro.html
josera-josera-kids-12-5-kgs-perro-cachorro-raza-mediana-grande;Josera;Josera;perro;cachorro;Josera Kids 12,5 kgs - Perro Cachorro - Raza Mediana/Grande;12,5 kg;Receta Super Premium especial libre gluten para cachorros de razas medianas y grandes. Con aporte energético reducido y contenido moderado de grasas y proteínas, garantiza un ritmo de crecimiento moderado, huesos fuertes y articulaciones sanas. Con L- carnitina y  taurina que favorecen la función cardíaca. Contiene polvo de achicoria (fuente natural de inulina), que posee propiedades  prebiótica que  refuerza la flora intestinal. Su fórmula incluye carne deshidratada  de Mejillón de labios verdes de Nueva Zelanda (Perna canaliculus), un condroprotector natural que ayuda para un correcto desarrollo  óseo y articular. No contiene saborizantes, conservantes ni preservantes artificiales, sin trigo, soja, azúcares ni productos lácteos añadidos. Producto libre de BHT /Etoxiquinas. Calidad Alemana . Josera Kids es una combinación especial para el crecimiento de razas medianas y grandes. Esta receta con aporte energético reducido y contenido moderado de grasas y proteínas garantiza un ritmo de crecimiento moderado, huesos fuertes y articulaciones sanas. Está indicado para cachorros a partir de 8 semanas de edad y es apto para perros de constitución pesada. Favorece las funciones cardiovasculares y el desarrollo del esqueleto.;Consulte el empaque o especificación técnica del fabricante.;"{""Tipo De Producto"": ""Alimento super premium"", ""Especie Animal"": ""Canino""}";Imagenes_Alimentos/Cooprinsem/perros/josera/josera-josera-kids-12-5-kgs-perro-cachorro-raza-mediana-grande.jpg;https://cooprinsem.cl/img/p/es-default-home_default.jpg;https://cooprinsem.cl/mascotas/299-josera-kids-125-kg-perro-cachorro-raza-mediana-grande.html
josera-josera-festival-12-5-kgs-perro-adulto-raza-mediana-grande;Josera;Josera;perro;adulto;Josera Festival 12,5 kgs - Perro Adulto - Raza Mediana/Grande;12,5 kg;Un menú Super Pemium único para nuestros gourmets más exigentes: se puede disfrutar en seco o con salsa ¡Solo tendrá que añadir algo de agua al polvo de carne para transformar estas croquetas crujientes en un verdadero placer para el paladar! Receta Super Premium libre de gluten para perros Adultos de razas medianas y grandes. El salmón aporta un toque de sabor especial a esta receta. Favorece el cuidado óseo  y articular gracias  al contenido de carne deshidratada Mejillón de labios verdes de Nueva Zelanda (Perna Canaliculus). Contiene ácidos grasos que ayudan a tu perro con piel saludable y pelaje brillante. Aporta energía y vitamina C para perros activos y deportistas. No contiene saborizantes, conservantes ni preservantes artificiales, sin trigo, soja, azúcares o productos lácteos añadidos. Producto libre de BHT/ Etoxiquinas. Calidad Alemana.;Consulte el empaque o especificación técnica del fabricante.;"{""Tipo De Producto"": ""Alimento super premium"", ""Especie Animal"": ""Canino""}";Imagenes_Alimentos/Cooprinsem/perros/josera/josera-josera-festival-12-5-kgs-perro-adulto-raza-mediana-grande.jpg;https://cooprinsem.cl/img/p/es-default-home_default.jpg;https://cooprinsem.cl/mascotas/301-josera-festival-125-kg-perro-adulto-raza-mediana-grande.html
josera-josera-fiesta-plus-12-5-kgs-perro-adulto-raza-mediana-grande;Josera;Josera;perro;adulto;Josera Fiesta Plus 12,5 kgs - Perro Adulto - Raza Mediana/Grande;12,5 kg;Receta Super Premium libre de gluten para perros adultos. Con variedad de colores, las Vital Booster Chips rojas ofrecen un impulso adicional a la vitalidad de las mascotas gracias a las valiosas vitaminas, así como a la taurina y a la L-carnitina.  La vitaminas E y C protegen las células de los radicales libres, la taurina y la L-carnitina apoyan la función cardíaca. Con una sabrosa salsa en polvo para mucho sabor adicional. Valiosos ácidos grasos proporcionan una piel sana y un pelo brillante. Con sabrosas aves de corral y salmón.;Consulte el empaque o especificación técnica del fabricante.;"{""Tipo De Producto"": ""Alimento super premium"", ""Especie Animal"": ""Canino""}";Imagenes_Alimentos/Cooprinsem/perros/josera/josera-josera-fiesta-plus-12-5-kgs-perro-adulto-raza-mediana-grande.jpg;https://cooprinsem.cl/img/p/es-default-home_default.jpg;https://cooprinsem.cl/mascotas/302-josera-fiesta-plus-125-kg-perro-adulto-raza-mediana-grande.html
josera-josera-balance-12-5-kgs-perro-senior-raza-mediana-grande;Josera;Josera;perro;senior;Josera Balance 12,5 kgs - Perro Senior - Raza Mediana/Grande;12,5 kg;Receta Super Premium libre de gluten  para perros Senior/Maduros. Un alimento completo especial desarrollado para aportar vitalidad, incluso en edades más avanzadas. El contenido reducido de proteínas y grasa favorece la función metabólica. Esta receta equilibrada y sumamente tolerable contiene valiosos antioxidantes que combaten el envejecimiento de las células.Esta receta equilibrada y sumamente tolerable contiene valiosos antioxidantes que combaten el envejecimiento de las células. La L- Carnitina y la taurina favorecen la correcta función cardiovascular. Con carne deshidratada de Mejillón de labios verdes de Nueva Zelanda (Perna Canaliculus) que favorece el cuidado articular y óseo. No contiene saborizantes, conservantes ni preservantes artificiales, sin trigo, soja, azúcares ni productos lácteos añadidos. Producto libre de BHT/ Etoxiquinas. Calidad Alemana.;Consulte el empaque o especificación técnica del fabricante.;"{""Tipo De Producto"": ""Alimento super premium"", ""Especie Animal"": ""Canino""}";Imagenes_Alimentos/Cooprinsem/perros/josera/josera-josera-balance-12-5-kgs-perro-senior-raza-mediana-grande.jpg;https://cooprinsem.cl/img/p/es-default-home_default.jpg;https://cooprinsem.cl/mascotas/304-josera-balance-125-kg-perro-senior-raza-mediana-grande.html
josera-josera-mini-junior-duck-salmon-4-5-kgs-5-x-900-g-perro-cachorro-raza-peque-a;Josera;Josera;perro;cachorro;Josera Mini Junior Duck & Salmon 4,5 kgs (5 x 900 g) - Perro Cachorro / Raza Pequeña;4,5 kg;Para nuestros jóvenes exploradores, que quieren experimentar grandes cosas y tienen grandes planes. Nuestra fórmula de crecimiento Super Premium especial para cachorros de razas pequeñas contiene los mejores nutrientes para apoyar un desarrolloóptimo y saludable. Acompaña a los cachorros hasta la edad adulta sin necesidad de cambiar su alimentación y evita la formación de sarro desde las primeras semanas de vida. Alimento Super Premium libre de gluten,  especial para cachorros de razas pequeñas a partir de las 3 semanas de vida. Pequeñas y deliciosas croquetas a base de  carne deshidratada de Pato y Salmón aportarán valiosos ácidos grasos para una piel sana y un pelaje brillante. Receta altamente digerible para reducir la cantidad de fecas. Contiene Tripolifosfato de sodio que ayuda a reducir  la formación de sarro dental desde las primeras semanas de vida. No contiene saborizantes, conservantes ni preservantes artificiales, sin trigo, soja, azúcares ni productos lácteos añadidos.  Producto libre de BHT/Etoxiquinas. Calidad Alemana.;Consulte el empaque o especificación técnica del fabricante.;"{""Tipo De Producto"": ""Alimento super premium"", ""Especie Animal"": ""Canino""}";Imagenes_Alimentos/Cooprinsem/perros/josera/josera-josera-mini-junior-duck-salmon-4-5-kgs-5-x-900-g-perro-cachorro-raza-peque-a.jpg;https://cooprinsem.cl/img/p/es-default-home_default.jpg;https://cooprinsem.cl/mascotas/305-josera-minijunior-45-kg-5-x-900-g-perro-cachorro-raza-pequena.html
josera-josera-mini-adult-chicken-rice-4-5-kgs-5x900-gr-perro-adulto-raza-peque-a;Josera;Josera;perro;adulto;Josera Mini Adult Chicken & Rice 4,5 kgs (5x900 gr)  - Perro Adulto / Raza Pequeña;4,5 kg;Alimento Super Premium libre de gluten, especial para perros adultos de razas pequeñas. Pequeñas y deliciosas croquetas a base de carne deshidratada  de aves de corral  combinado con los mejores ingredientes, ofrece el máximo disfrute y otorga una nutrición óptima y saludable. Con valiosos acidos grasos y biotina para una piel sana y pelaje brillante. Contiene Tripolifosfato de sodio que ayuda a reducir la  formacion de sarro dental. No contiene saborizante, conservantes ni preservantes artificiales, sin trigo, soja, azúcares o productos lácteos añadidos. Producto libre de BHT/Etoxiquinas. Calidad Alemana.;Consulte el empaque o especificación técnica del fabricante.;"{""Tipo De Producto"": ""Alimento super premium"", ""Especie Animal"": ""Canino""}";Imagenes_Alimentos/Cooprinsem/perros/josera/josera-josera-mini-adult-chicken-rice-4-5-kgs-5x900-gr-perro-adulto-raza-peque-a.jpg;https://cooprinsem.cl/img/p/es-default-home_default.jpg;https://cooprinsem.cl/mascotas/308-josera-miniwell-45-kg-5x900-gr-perro-adulto-raza-pequena.html
josera-josera-mini-senior-salmon-4-5-kg-5-x-900-gr-perro-senior-raza-peque-a;Josera;Josera;perro;senior;Josera Mini Senior Salmon 4,5 Kg (5 x 900 gr) - Perro Senior / Raza Pequeña;4,5 kg;Alimento Super Premium libre de gluten, especial para perros adultos de razas pequeñas. Pequeñas y deliciosas croquetas a base de carne deshidratada  de aves de corral  combinado con los mejores ingredientes, ofrece el máximo disfrute y otorga una nutrición óptima y saludable. Con valiosos acidos grasos y biotina para una piel sana y pelaje brillante. Contiene Tripolifosfato de sodio que ayuda a reducir la  formacion de sarro dental. No contiene saborizante, conservantes ni preservantes artificiales, sin trigo, soja, azúcares o productos lácteos añadidos. Producto libre de BHT/Etoxiquinas. Calidad Alemana.;Consulte el empaque o especificación técnica del fabricante.;"{""Tipo De Producto"": ""Alimento super premium"", ""Especie Animal"": ""Canino""}";Imagenes_Alimentos/Cooprinsem/perros/josera/josera-josera-mini-senior-salmon-4-5-kg-5-x-900-gr-perro-senior-raza-peque-a.jpg;https://cooprinsem.cl/img/p/es-default-home_default.jpg;https://cooprinsem.cl/mascotas/310-josera-minisenior-45-kg-5-x-900-gr-perro-senior-raza-pequena.html
josera-josera-duck-potato-12-5-kgs-perro-adulto-libre-de-cereales-monoproteico-pato;Josera;Josera;perro;adulto;Josera Duck & Potato 12,5 kgs - Perro Adulto - Libre de Cereales / Monoproteico Pato;12,5 kg;Receta Hipoalérgenica Super Premium Grain Free especial para perros adultos de todas las razas. Desarrollado con deliciosa carne de pato (como única fuente de proteína animal). Contiene valiosos ácidos grasos y biotina para mantener una piel sana y un pelaje brillante. Contenido energético moderado para perros adultos saludables y sensibles con nivel de actividad normal.Contiene patata deshidratada como única fuente de carbohidratos. No contiene saborizantes, conservantes ni preservantes artificiales, sin trigo, soja, azúcares o productos lácteos añadidos. Producto libre de  BHT/Etoxiquinas. Calidad Alemana.;Consulte el empaque o especificación técnica del fabricante.;"{""Tipo De Producto"": ""Alimento super premium"", ""Especie Animal"": ""Canino""}";Imagenes_Alimentos/Cooprinsem/perros/josera/josera-josera-duck-potato-12-5-kgs-perro-adulto-libre-de-cereales-monoproteico-pato.jpg;https://cooprinsem.cl/img/p/es-default-home_default.jpg;https://cooprinsem.cl/mascotas/313-josera-ente-kartoffel-125-kg-perro-adulto-monoproteico-pato.html
josera-josera-salmon-potato-12-5-kgs-perro-adulto-libre-de-cereales-monoproteico-salm-n;Josera;Josera;perro;adulto;Josera Salmon & Potato 12,5 kgs -  Perro Adulto - Libre de Cereales / Monoproteico Salmón;12,5 kg;Receta Hipoalergénica Super Premium Grain Free especial para perros adultos y maduros de todas las razas. Una receta para nuestros perros más exigentes: una fórmula hipoalergénica en base a Salmón y Patata, con hierbas y frutas (algarroba, raíz de achicoria, frambuesa, menta inglesa, perejil, manzanilla, escaramujo, regaliz, aronia, semilla de alholva, arándanos, caléndula e hinojo).  Su moderado contenido de proteínas, grasas y minerales lo hace también indicado para perros maduros. No contiene saborizantes, conservantes ni preservantes artificiales, sin trigo, soja, azúcares o productos lácteos añadidos. Producto libre de BHT/Etoxiquinas. Calidad Alemana.;Consulte el empaque o especificación técnica del fabricante.;"{""Tipo De Producto"": ""Alimento super premium"", ""Especie Animal"": ""Canino""}";Imagenes_Alimentos/Cooprinsem/perros/josera/josera-josera-salmon-potato-12-5-kgs-perro-adulto-libre-de-cereales-monoproteico-salm-n.jpg;https://cooprinsem.cl/img/p/es-default-home_default.jpg;https://cooprinsem.cl/mascotas/315-josera-lachs-kartoffel-125-kg-perro-adulto-monoproteico-salmon.html
josera-josera-young-star-12-5-kgs-perro-cachorro-libre-de-cereales;Josera;Josera;perro;cachorro;Josera Young Star 12,5 kgs - Perro Cachorro / Libre de Cereales;12,5 kg;Receta Super Premium en base a una composición de crecimiento natural para nuestros jóvenes aventureros, el acompañante perfecto hasta la edad adulta, con ingredientes nutritivos especiales. Sin cereales y con carne de ave de corral saludable. No contiene saborizantes, conservantes ni preservantes artificiales, sin trigo, soja, azúcares o productos lácteos añadidos. Producto libre de BHT/Etoxiquinas.Calidad Alemana. Para perros jóvenes, a partir de 6 semanas de edad. Fácil de digerir pues no contiene cereales. Desarrollada especialmente para favorecer el crecimiento con el nivel de calcio y fósforo adecuado. Contenido moderado de energía y proteína. Los valiosos ácidos grasos del salmón favorecen el desarrollo cerebral y facilitan su capacidad de aprendizaje. La L-carnitina, la proteína de elevada calidad y la taurina favorecen las funciones cardiovasculares y el desarrollo óseo. El alimento que le acompañará hasta la edad adulta.;Consulte el empaque o especificación técnica del fabricante.;"{""Tipo De Producto"": ""Alimento super premium"", ""Especie Animal"": ""Canino""}";Imagenes_Alimentos/Cooprinsem/perros/josera/josera-josera-young-star-12-5-kgs-perro-cachorro-libre-de-cereales.jpg;https://cooprinsem.cl/img/p/es-default-home_default.jpg;https://cooprinsem.cl/mascotas/316-josera-younstar-15kg-perro-cachorro-libre-de-cereales.html
josera-josera-chicken-sweet-potato-12-5-kgs-perro-adulto-libre-de-cereales;Josera;Josera;perro;adulto;Josera Chicken & Sweet Potato 12,5 kgs - Perro Adulto / Libre de Cereales;12,5 kg;Alimento Super Premium Grain Free  para perros adultos activos de todas las razas . Una delicia  libre de gluten para nuestros perros más activos. Con proteína de aves de corral y  batata dulce de alta calidad (Camote). Ayuda al cuidado de las articulaciones gracias al contenido de carne de mejillón de labios verdes de Nueva Zelanda (Perna canaliculus). No contiene saborizantes, conservantes ni preservantes artificiales, sin trigo, soja, azúcares o productos lácteos añadidos. Producto libre de BHT/Etoxiquinas. Calidad Alemana.;Consulte el empaque o especificación técnica del fabricante.;"{""Tipo De Producto"": ""Alimento super premium"", ""Especie Animal"": ""Canino""}";Imagenes_Alimentos/Cooprinsem/perros/josera/josera-josera-chicken-sweet-potato-12-5-kgs-perro-adulto-libre-de-cereales.jpg;https://cooprinsem.cl/img/p/es-default-home_default.jpg;https://cooprinsem.cl/mascotas/318-josera-nature-energetic-125-kgs-alto-rendimiento-libre-de-cereales.html
josera-josera-light-vital-12-5-kgs-perro-adulto-reducci-n-de-peso;Josera;Josera;perro;adulto;Josera Light & Vital 12,5 kgs - Perro Adulto - Reducción de Peso;12,5 kg;Alimento Super Premium dietético  para perros adultos con sobrepeso o tendencia a la obesidad. Un alto contenido proteico que estimula el metabolismo  de su perro, reducido porcentaje de grasa y mayor aporte de fibra aumenta la sensacion de saciedad. La  L –Carnitina fomenta el metabolismo de las grasas y la Taurina estimulan la buena función cardíaca y aumentan la vitalidad. Ayuda al cuidado oseo y articular gracias al contenido de carne de mejillón de labios verdes de Nueva Zelanda (Condroprotector natural). No contiene saborizantes, conservantes ni preservantes artificiales, sin trigo, soja, azúcares ni productos lácteos añadidos. Producto libre de BHT/Etoxiquinas.  Calidad Alemana.;Consulte el empaque o especificación técnica del fabricante.;"{""Tipo De Producto"": ""Alimento super premium"", ""Especie Animal"": ""Canino""}";Imagenes_Alimentos/Cooprinsem/perros/josera/josera-josera-light-vital-12-5-kgs-perro-adulto-reducci-n-de-peso.jpg;https://cooprinsem.cl/img/p/es-default-home_default.jpg;https://cooprinsem.cl/mascotas/320-josera-light-vital-125-kg-perro-adulto-reduccion-de-peso.html
josera-josera-sensiplus-12-5-kgs-perro-sensibilidad-digestiva;Josera;Josera;perro;adulto;Josera Sensiplus 12,5 kgs - Perro  - Sensibilidad Digestiva;12,5 kg;Receta Super Premium libre de gluten para perros sensibles de todas las razas. Formulado para nuestros fieles compañeros con exigencias especiales: un alimento completo liviano, sumamente tolerable con ingredientes seleccionados hace esta fórmula altamente digerible, reduciendo la tensión de un sistema digestivo sensible. Un placer saludable con sabrosa carne de aves y arroz. Contiene vitaminas y ácidos grasos para una piel sana y un pelaje brillante. No contiene saborizantes, conservantes ni preservantes artificiales, sin trigo, soja, azúcares o productos lácteos añadidos. Producto libre de BHT/Etoxiquinas.  Calidad  Alemana.;Consulte el empaque o especificación técnica del fabricante.;"{""Tipo De Producto"": ""Alimento super premium"", ""Especie Animal"": ""Canino""}";Imagenes_Alimentos/Cooprinsem/perros/josera/josera-josera-sensiplus-12-5-kgs-perro-sensibilidad-digestiva.jpg;https://cooprinsem.cl/img/p/es-default-home_default.jpg;https://cooprinsem.cl/mascotas/322-josera-sensiplus-125-kg-perro-sensibilidad-digestiva.html
josicat-josicat-poultry-chicken-10-kgs-gato-adulto-aves;Josera;JosiCat;gato;adulto;Josicat Poultry/Chicken 10 kgs - Gato Adulto (Aves);10 kg;JosiCat es un alimento completo para gatos adultos, en base a deliciosa carne de aves de corral. Gracias al contenido equilibrado de proteína y grasa es adecuado tanto para gatos con vida indoor como outodoor. Natural, delicioso y saludable. No contiene saborizantes, conservantes ni preservantes artificiales, sin soya, azúcares o productos lácteos añadidos. Producto libre de BHT/ Etoxiquinas. Calidad Alemana;Consulte el empaque o especificación técnica del fabricante.;"{""Tipo De Producto"": ""Alimento super premium"", ""Especie Animal"": ""Felino""}";Imagenes_Alimentos/Cooprinsem/gatos/josicat/josicat-josicat-poultry-chicken-10-kgs-gato-adulto-aves.jpg;https://cooprinsem.cl/img/p/es-default-home_default.jpg;https://cooprinsem.cl/mascotas/323-josicat-poultry-chicken-10-kg-gato-adulto-aves.html
josidog-josidog-regular-18-kgs-perro-adulto;Josera;JosiDog;perro;adulto;Josidog Regular 18 kgs - Perro Adulto;18 kg;Es un alimento versátil adecuado para perros adultos de todas las razas con actividad normal. Formulado para mantener al perro en forma y saludable. REGULAR tiene la mejor relación Calidad-Precio de los alimentos de su categoría.;Consulte el empaque o especificación técnica del fabricante.;"{""Tipo De Producto"": ""Alimento premium."", ""Especie Animal"": ""Canino""}";Imagenes_Alimentos/Cooprinsem/perros/josidog/josidog-josidog-regular-18-kgs-perro-adulto.jpg;https://cooprinsem.cl/img/p/es-default-home_default.jpg;https://cooprinsem.cl/mascotas/324-josidog-regular-18-kgs-perro-adulto.html
josidog-josidog-family-15-kgs-perro-madre-y-cachorro;Josera;JosiDog;perro;cachorro;Josidog Family 15 kgs - Perro - Madre y Cachorro;15 kg;JosiDog Family es un alimento para cría, de alta calidad y con croquetas extra pequeñas, adecuado para futuras madres y sus cachorros. La fórmula especial sin gluten incorpora los mejores nutrientes que promueven nutrición equilibrada y crecimiento saludable. Con carne deshidratada de mejillón de labios verdes de Nueva Zelanda (Perna canaliculus) para un correcto desarrollo óseo y articular. Formulado para su uso en gestación, lactancia y para ser el primer alimento de nuestros cachorros. Uso en cachorros hasta los 6 meses. No contiene saborizantes, conservantes ni preservantes artificiales, sin soya, azúcares ni productos lácteos añadidos. Producto libre de BHT/ Etoxiquinas.;Consulte el empaque o especificación técnica del fabricante.;"{""Tipo De Producto"": ""Alimento premium."", ""Especie Animal"": ""Canino""}";Imagenes_Alimentos/Cooprinsem/perros/josidog/josidog-josidog-family-15-kgs-perro-madre-y-cachorro.jpg;https://cooprinsem.cl/img/p/es-default-home_default.jpg;https://cooprinsem.cl/mascotas/326-josidog-family-15kg-perro-madre-y-cachorro.html
josidog-josidog-junior-18-kgs-perro-cachorro-cuidado-articular;Josera;JosiDog;perro;cachorro;Josidog Junior 18 kgs - Perro Cachorro - Cuidado Articular;18 kg;La receta libre de gluten de JosiDog Junior está formulada para perros en crecimiento a partir de las 8 semanas de edad. Los niveles balanceados de calcio y fósforo aseguran un crecimiento equilibrado. Con carne deshidratada de mejillón de labios verdes de Nueva Zelanda (Perna canaliculus) para un correcto desarrollo articular y óseo. No contienes saborizantes, conservantes ni preservantes artificiales, sin soya, azúcares ni productos lácteos añadidos. Producto libre de BHT Etoxiquinas. Calidad Alemana.;Consulte el empaque o especificación técnica del fabricante.;"{""Tipo De Producto"": ""Alimento premium."", ""Especie Animal"": ""Canino""}";Imagenes_Alimentos/Cooprinsem/perros/josidog/josidog-josidog-junior-18-kgs-perro-cachorro-cuidado-articular.jpg;https://cooprinsem.cl/img/p/es-default-home_default.jpg;https://cooprinsem.cl/mascotas/327-josidog-junior-18-kgs-perro-cachorro-cuidado-articular.html
josidog-josidog-senior-light-15-kgs-perro-senior-maduros;Josera;JosiDog;perro;senior;JosiDog Senior / Light 15 kgs - Perro Senior / Maduros;15 kg;La receta  libre de gluten de JosiDog Senior/light está formulada para perros senior que prefieren tomarse la vida con calma. Receta deliciosamente ligera, equilibrada para bajos niveles de actividad. No contienes saborizantes, conservantes ni preservantes artificiales, sin soya, azúcares ni productos lácteos añadidos. Producto libre de BHT Etoxiquinas. Calidad Alemana.;Consulte el empaque o especificación técnica del fabricante.;"{""Tipo De Producto"": ""Alimento premium."", ""Especie Animal"": ""Canino""}";Imagenes_Alimentos/Cooprinsem/perros/josidog/josidog-josidog-senior-light-15-kgs-perro-senior-maduros.jpg;https://cooprinsem.cl/img/p/es-default-home_default.jpg;https://cooprinsem.cl/mascotas/328-josidog-solido-15-kg-perro-senior-cuidado-articular.html
bavaro-bavaro-task-18-kgs-perro-adulto-actividad-moderada;Josera;Bavaro;perro;adulto;Bavaro Task 18 kgs - perro adulto- actividad moderada;18 kg;Alimento de mantención para perros adultos. Desarrollado para perros con ligera demanda energética. No contiene saborizantes, conservantes, preservantes artificiales, soya ni ingredientes modificados geneticamente. Calidad Alemana.;Consulte el empaque o especificación técnica del fabricante.;"{""Tipo De Producto"": ""Alimento mantencion."", ""Especie Animal"": ""Canino""}";Imagenes_Alimentos/Cooprinsem/perros/bavaro/bavaro-bavaro-task-18-kgs-perro-adulto-actividad-moderada.jpg;https://cooprinsem.cl/img/p/es-default-home_default.jpg;https://cooprinsem.cl/mascotas/329-bavaro-task-18-kgs-perro-adulto-actividad-moderada.html
bavaro-bavaro-work-18-kgs-perro-adulto-actividad-moderada-a-alta;Josera;Bavaro;perro;adulto;Bavaro Work 18 kgs - perro adulto - actividad moderada a alta;18 kg;Alimento de mantención para perros adultos. Por su alto contenido energetico Bavaro Work es ideal para perros con actividad física normal o con ligera demanda energética . No contiene saborizante, conservantes, preservantes artificiales, sin soya ni ingredientes modificados geneticamente. Calidad Alemana.;Consulte el empaque o especificación técnica del fabricante.;"{""Tipo De Producto"": ""Alimento mantencion."", ""Especie Animal"": ""Canino""}";Imagenes_Alimentos/Cooprinsem/perros/bavaro/bavaro-bavaro-work-18-kgs-perro-adulto-actividad-moderada-a-alta.jpg;https://cooprinsem.cl/img/p/es-default-home_default.jpg;https://cooprinsem.cl/mascotas/330-bavaro-work-18-kgs-pero-adulto-actividad-moderada-a-alta.html
bavaro-bavaro-force-18-kgs-perro-adulto-cachorro-alto-rendimiento;Josera;Bavaro;perro;cachorro;Bavaro Force 18 kgs - perro adulto/cachorro - alto rendimiento;18 kg;Alimento de mantención para perros adultos y cachorros desde los 2 meses de edad. Por su alto contenido energetico Bavaro Force es ideal para perros con alta exigencia de energía. No contiene saborizantes, conservantes ni preservantes artificiales, soya ni ingredientes modificados geneticamente. Calidad Alemana.;Consulte el empaque o especificación técnica del fabricante.;"{""Tipo De Producto"": ""Alimento mantencion."", ""Especie Animal"": ""Canino""}";Imagenes_Alimentos/Cooprinsem/perros/bavaro/bavaro-bavaro-force-18-kgs-perro-adulto-cachorro-alto-rendimiento.jpg;https://cooprinsem.cl/img/p/es-default-home_default.jpg;https://cooprinsem.cl/mascotas/331-bavaro-force-18-kgs-perro-adulto-cachorro-alto-rendimiento.html
josidog-josidog-active-18-kgs-perro-adulto-actividad-f-sica-alta;Josera;JosiDog;perro;adulto;Josidog Active 18 kgs - Perro Adulto - Actividad física alta;18 kg;La receta libre de gluten y alta en energía de JosiDog Active es ideal para perros muy activos y deportistas. Una alta proporción de valiosos antioxidantes ayudan a proteger las células contra los radicales libres, además contiene taurina que favorece la función cardíaca. Con polvo de achicoria (fuente natural de inulina), que refuerza la flora intestinal. Su fórmula incluye carne deshidratada de mejillón de labios verdes de Nueva Zelanda (Perna canaliculus) para una correcta mantención ósea y articular. No contiene saborizantes, conservantes ni preservantes artificiales, sin soya, azúcares ni productos lácteos añadidos. Producto libre de BHT/Etoxiquinas. Calidad Alemana.;Consulte el empaque o especificación técnica del fabricante.;"{""Tipo De Producto"": ""Alimento premium."", ""Especie Animal"": ""Canino""}";Imagenes_Alimentos/Cooprinsem/perros/josidog/josidog-josidog-active-18-kgs-perro-adulto-actividad-f-sica-alta.jpg;https://cooprinsem.cl/img/p/es-default-home_default.jpg;https://cooprinsem.cl/mascotas/325-josidog-active-18-kgs-perro-adulto-actividad-fisica-alta.html
josera-josera-culinesse-2-kgs-gato-adulto-piel-y-pelaje;Josera;Josera;gato;adulto;Josera Culinesse 2 kgs - Gato Adulto - Piel y Pelaje;2 kg;Alimento Super Premium completo con deliciosas proteínas de salmón y ave para auténticos gourmets. Gracias a su receta equilibrada, Josera Culinesse es altamente digerible y especialmente sabroso. Con cuidado del pH urinario, anti bolas de pelo, piel brillante y pelaje sano. Libre de gluten y con sabrosos cereales para mayor palatabilidad. No contiene saborizantes, conservantes ni preservantes artificiales, sin trigo, soja, azúcares ni productos lácteos añadidos. Producto libre de BHT/ Etoxiquinas. Fabricado con ingredientes de calidad aptos para consumo humano. Calidad Alemana.;Consulte el empaque o especificación técnica del fabricante.;"{""Tipo De Producto"": ""Alimento super premium"", ""Especie Animal"": ""Felino""}";Imagenes_Alimentos/Cooprinsem/gatos/josera/josera-josera-culinesse-2-kgs-gato-adulto-piel-y-pelaje.jpg;https://cooprinsem.cl/img/p/es-default-home_default.jpg;https://cooprinsem.cl/menu-de-productos/21001977-josera-culinesse-2-kgs-gato-adulto-piel-y-pelaje.html
josera-josera-culinesse-10-kgs-gato-adulto-piel-y-pelaje;Josera;Josera;gato;adulto;Josera Culinesse 10 kgs - Gato Adulto - Piel y Pelaje;10 kg;Alimento Super Premium completo con deliciosas proteínas de salmón y ave para auténticos gourmets. Gracias a su receta equilibrada, Josera Culinesse es altamente digerible y especialmente sabroso. Con cuidado del pH urinario, anti bolas de pelo, piel brillante y pelaje sano. Libre de gluten y con sabrosos cereales para mayor palatabilidad. No contiene saborizantes, conservantes ni preservantes artificiales, sin trigo, soja, azúcares ni productos lácteos añadidos. Producto libre de BHT/ Etoxiquinas. Fabricado con ingredientes de calidad aptos para consumo humano. Calidad Alemana.;Consulte el empaque o especificación técnica del fabricante.;"{""Tipo De Producto"": ""Alimento super premium"", ""Especie Animal"": ""Felino""}";Imagenes_Alimentos/Cooprinsem/gatos/josera/josera-josera-culinesse-10-kgs-gato-adulto-piel-y-pelaje.jpg;https://cooprinsem.cl/img/p/es-default-home_default.jpg;https://cooprinsem.cl/menu-de-productos/21001981-josera-culinesse-10-kgs-gato-adulto-piel-y-pelaje.html
concentrado-concentrado-gato-sabrocat-cubicat-8-kg-champion;Concentrado;Concentrado;gato;adulto;Concentrado gato Sabrocat (Cubicat) 8 Kg. Champion;8 kg;Concentrado gato Sabrocat (Cubicat) 8 Kg. Champion distribuido por Cooprinsem.;Consulte el empaque o especificación técnica del fabricante.;"{""Tipo De Producto"": ""Alimento mascotas"", ""Especie Animal"": ""Felino""}";Imagenes_Alimentos/Cooprinsem/gatos/concentrado/concentrado-concentrado-gato-sabrocat-cubicat-8-kg-champion.jpg;https://cooprinsem.cl/img/p/es-default-medium_default.jpg;https://cooprinsem.cl/mascotas/1979-concentrado-gato-cubicat-8-kg-champion.html
concentrados-cisternas-ltda-concentrado-para-gato-economicat-croqueta-salm-n-15-kgs;Concentrados Cisternas Ltda.;Concentrados Cisternas Ltda.;gato;adulto;Concentrado para gato Economicat croqueta salmón 15 kgs;15 kg;Alimento completo para gatos adultos.;Consulte el empaque o especificación técnica del fabricante.;"{""Tipo De Producto"": ""Alimento básico."", ""Especie Animal"": ""Felino""}";Imagenes_Alimentos/Cooprinsem/gatos/concentrados-cisternas-ltda/concentrados-cisternas-ltda-concentrado-para-gato-economicat-croqueta-salm-n-15-kgs.jpg;https://cooprinsem.cl/img/p/es-default-home_default.jpg;https://cooprinsem.cl/mascotas/1951-concentrado-para-gato-economicat-croqueta-salmon-15-kgs.html
concentrados-cisternas-ltda-concentrado-para-gato-economicat-croqueta-mix-8-kgs;Concentrados Cisternas Ltda.;Concentrados Cisternas Ltda.;gato;adulto;Concentrado para gato Economicat croqueta mix 8 kgs;8 kg;Alimento completo para gatos adultos.;Consulte el empaque o especificación técnica del fabricante.;"{""Tipo De Producto"": ""Alimento básico."", ""Especie Animal"": ""Felino""}";Imagenes_Alimentos/Cooprinsem/gatos/concentrados-cisternas-ltda/concentrados-cisternas-ltda-concentrado-para-gato-economicat-croqueta-mix-8-kgs.jpg;https://cooprinsem.cl/img/p/es-default-home_default.jpg;https://cooprinsem.cl/mascotas/1950-concentrado-para-gato-economicat-croqueta-mix-8-kgs.html
concentrados-cisternas-ltda-concentrado-para-perro-strong-raza-peque-a-8-kgs;Concentrados Cisternas Ltda.;Concentrados Cisternas Ltda.;perro;adulto;Concentrado para perro Strong raza pequeña 8 kgs;8 kg;Alimento completo para perros adultos.;Consulte el empaque o especificación técnica del fabricante.;"{""Tipo De Producto"": ""Alimento básico."", ""Especie Animal"": ""Canino""}";Imagenes_Alimentos/Cooprinsem/perros/concentrados-cisternas-ltda/concentrados-cisternas-ltda-concentrado-para-perro-strong-raza-peque-a-8-kgs.jpg;https://cooprinsem.cl/img/p/es-default-home_default.jpg;https://cooprinsem.cl/mascotas/1949-concentrado-para-perro-strong-raza-pequena-8-kgs.html
concentrados-cisternas-ltda-concentrado-para-perro-strong-cachorro-10-kgs;Concentrados Cisternas Ltda.;Concentrados Cisternas Ltda.;perro;cachorro;Concentrado para perro Strong cachorro 10 kgs;10 kg;Alimento completo para perros cachorros.;Consulte el empaque o especificación técnica del fabricante.;"{""Tipo De Producto"": ""Alimento básico."", ""Especie Animal"": ""Canino""}";Imagenes_Alimentos/Cooprinsem/perros/concentrados-cisternas-ltda/concentrados-cisternas-ltda-concentrado-para-perro-strong-cachorro-10-kgs.jpg;https://cooprinsem.cl/img/p/es-default-home_default.jpg;https://cooprinsem.cl/mascotas/1948-concentrado-para-perro-strong-cachorro-10-kgs.html
champion-s-a-concentrado-para-perro-champion-sabrokan-25-kgs;Champion S.A.;Champion S.A.;perro;adulto;Concentrado para perro Champion Sabrokan 25 kgs;25 kg;Alimento para perros completo y balanceado, que contiene una croqueta especial que da como resultado un exquisito y sabroso alimento que será un deleite para tu perro.;Consulte el empaque o especificación técnica del fabricante.;"{""Tipo De Producto"": ""Alimento estándar."", ""Especie Animal"": ""Canino""}";Imagenes_Alimentos/Cooprinsem/perros/champion-s-a/champion-s-a-concentrado-para-perro-champion-sabrokan-25-kgs.jpg;https://cooprinsem.cl/img/p/es-default-home_default.jpg;https://cooprinsem.cl/mascotas/1930-concentrado-para-perro-champion-sabrokan-25-kgs.html
concentrados-cisternas-ltda-concentrado-para-perro-strong-25-kgs;Concentrados Cisternas Ltda.;Concentrados Cisternas Ltda.;perro;adulto;Concentrado para perro Strong 25 kgs;25 kg;Alimento completo para perros adultos.;Consulte el empaque o especificación técnica del fabricante.;"{""Tipo De Producto"": ""Alimento básico."", ""Especie Animal"": ""Canino""}";Imagenes_Alimentos/Cooprinsem/perros/concentrados-cisternas-ltda/concentrados-cisternas-ltda-concentrado-para-perro-strong-25-kgs.jpg;https://cooprinsem.cl/img/p/es-default-home_default.jpg;https://cooprinsem.cl/mascotas/1929-concentrado-para-perro-strong-25-kgs.html
concentrados-cisternas-ltda-concentrado-para-perro-yokan-guau-guau-25-kgs;Concentrados Cisternas Ltda.;Concentrados Cisternas Ltda.;perro;adulto;Concentrado para perro Yokan (Guau Guau) 25 Kgs.;25 kg;Alimento para perros adultos.;Consulte el empaque o especificación técnica del fabricante.;"{""Tipo De Producto"": ""Alimento básico."", ""Especie Animal"": ""Canino""}";Imagenes_Alimentos/Cooprinsem/perros/concentrados-cisternas-ltda/concentrados-cisternas-ltda-concentrado-para-perro-yokan-guau-guau-25-kgs.jpg;https://cooprinsem.cl/img/p/es-default-home_default.jpg;https://cooprinsem.cl/mascotas/1928-concentrado-para-perro-guau-guau-25-kgs.html
adelco-ltda-concentrado-para-perro-toqui-25-kgs;Adelco Ltda.;Adelco Ltda.;perro;adulto;Concentrado para perro Toqui 25 kgs;25 kg;Alimento completo para perros adultos.;Consulte el empaque o especificación técnica del fabricante.;"{""Tipo De Producto"": ""Alimento básico."", ""Especie Animal"": ""Canino""}";Imagenes_Alimentos/Cooprinsem/perros/adelco-ltda/adelco-ltda-concentrado-para-perro-toqui-25-kgs.jpg;https://cooprinsem.cl/img/p/es-default-home_default.jpg;https://cooprinsem.cl/mascotas/1927-concentrado-para-perro-toqui-25-kgs.html
champion-s-a-concentrado-para-perro-champion-cachorro-8-kgs;Champion S.A.;Champion S.A.;perro;cachorro;Concentrado para perro Champion Cachorro 8 kgs;8 kg;Alimento completo y balanceado, especialmente formulado para satisfacer todos sus requerimientos nutricionales.;Consulte el empaque o especificación técnica del fabricante.;"{""Tipo De Producto"": ""Alimento estándar."", ""Especie Animal"": ""Canino""}";Imagenes_Alimentos/Cooprinsem/perros/champion-s-a/champion-s-a-concentrado-para-perro-champion-cachorro-8-kgs.jpg;https://cooprinsem.cl/img/p/es-default-home_default.jpg;https://cooprinsem.cl/mascotas/1926-concentrado-para-perro-champion-cachorro-8-kgs.html
champion-s-a-concentrado-para-perro-champion-adulto-18-kgs;Champion S.A.;Champion S.A.;perro;adulto;Concentrado para perro Champion Adulto 18 kgs;18 kg;Alimento completo y balanceado, especialmente formulado para satisfacer todos sus requerimientos nutricionales.;Consulte el empaque o especificación técnica del fabricante.;"{""Tipo De Producto"": ""Alimento estándar."", ""Especie Animal"": ""Canino""}";Imagenes_Alimentos/Cooprinsem/perros/champion-s-a/champion-s-a-concentrado-para-perro-champion-adulto-18-kgs.jpg;https://cooprinsem.cl/img/p/es-default-home_default.jpg;https://cooprinsem.cl/mascotas/1925-concentrado-para-perro-champion-adulto-18-kgs.html
dragpharma-chile-invetec-s-a-concentrado-para-perro-fit-adulto-raza-peque-a-10-kg;DragPharma Chile Invetec S.A.;DragPharma Chile Invetec S.A.;perro;adulto;Concentrado para perro Fit Adulto Raza Pequeña.10 Kg;10 kg;Fit Fórmula es un alimento completo y balanceado para satisfacer las necesidades nutricionales de perros adultos en mantención y hembras en lactancia. Formulado con proteínas de alta calidad para músculos y huesos fuertes, y ácidos grasos esenciales para un pelaje sano y brillante.;Consulte el empaque o especificación técnica del fabricante.;"{""Tipo De Producto"": ""Alimento premium."", ""Especie Animal"": ""Canino""}";Imagenes_Alimentos/Cooprinsem/perros/dragpharma-chile-invetec-s-a/dragpharma-chile-invetec-s-a-concentrado-para-perro-fit-adulto-raza-peque-a-10-kg.jpg;https://cooprinsem.cl/img/p/es-default-home_default.jpg;https://cooprinsem.cl/mascotas/1924-concentrado-para-perro-fit-adulto-raza-pequena10-kg.html
dragpharma-chile-invetec-s-a-concentrado-para-perro-cachorro-10-kgs;DragPharma Chile Invetec S.A.;DragPharma Chile Invetec S.A.;perro;cachorro;Concentrado para perro Cachorro 10 kgs;10 kg;Fit Fórmula Cachorro es un alimento completo y balanceado para satisfacer las necesidades nutricionales del cachorro en su etapa de crecimiento. Fit Fórmula Cachorro posee altos niveles de proteína y calorías para una adecuada nutrición. La presentación de este alimento es un pellet pequeño de alta palatabilidad. Esta fórmula ha sido elebaorada para la alimentación de cachorros destetados, hembras preñadas y hembras en período de lactancia.;Consulte el empaque o especificación técnica del fabricante.;"{""Tipo De Producto"": ""Alimento premium."", ""Especie Animal"": ""Canino""}";Imagenes_Alimentos/Cooprinsem/perros/dragpharma-chile-invetec-s-a/dragpharma-chile-invetec-s-a-concentrado-para-perro-cachorro-10-kgs.jpg;https://cooprinsem.cl/img/p/es-default-home_default.jpg;https://cooprinsem.cl/mascotas/1923-concentrado-para-perro-cachorro-10-kgs.html
dragpharma-chile-invetec-s-a-concentrado-para-perro-fit-adulto-20-kgs;DragPharma Chile Invetec S.A.;DragPharma Chile Invetec S.A.;perro;adulto;Concentrado para perro Fit Adulto 20 kgs;20 kg;Alimento premium completo y balanceado para satisfacer las necesidades nutricionales de perros adultos en mantención y hembras en lactancia. Formulado con proteínas de alta calidad para músculos y huesos fuertes, ácidos grasos esenciales para un pelaje sano y brillante.;Consulte el empaque o especificación técnica del fabricante.;"{""Tipo De Producto"": ""Alimento premium."", ""Especie Animal"": ""Canino""}";Imagenes_Alimentos/Cooprinsem/perros/dragpharma-chile-invetec-s-a/dragpharma-chile-invetec-s-a-concentrado-para-perro-fit-adulto-20-kgs.jpg;https://cooprinsem.cl/img/p/es-default-home_default.jpg;https://cooprinsem.cl/mascotas/1922-concentrado-para-perro-fit-adulto-20-kgs.html
josicat-josicat-kitten-1-9-kgs-gato-cachorro-hembras-gestantes-y-lactantes;Josera;JosiCat;gato;cachorro;Josicat Kitten 1,9 Kgs - Gato Cachorro, Hembras Gestantes y Lactantes;1,9 kg;¿Algo rico para los pequeñitos de la casa? JosiCat Kitten aporta a los gatitos todos los nutrientes que necesitan para crecer hasta ser grandes y fuertes. Alimento Premium completo para gatitos en crecimiento, gatas gestantes y gatas lactantes. Beneficios: - Crecimiento Óptimo desde el primer bocado: Un alto valor calórico especialmente adaptado a las necesidades de tu gatito, así como un complejo equilibrado de nutrientes, fomentan un desarrollo óptimo. - Aceite de salmón: Aporta valiosos ácidos grasos omega 3. - Piel Sana y Pelaje Brillante: Valiosos ácidos grasos, vitaminas y oligoelementos esenciales. - Multipropósito: Gatitos en crecimiento, hembras gestantes y en Lactancia. Nuestro compromiso: - Sin aditivos artificiales. - Sin soja, azúcares o productos lácteos añadidos. - Producto libre de BHT/ Etoxiquinas. - Calidad Alemana.;Consulte el empaque o especificación técnica del fabricante.;"{""Tipo De Producto"": ""Alimento premium"", ""Especie Animal"": ""Felino""}";Imagenes_Alimentos/Cooprinsem/gatos/josicat/josicat-josicat-kitten-1-9-kgs-gato-cachorro-hembras-gestantes-y-lactantes.jpg;https://cooprinsem.cl/img/p/es-default-home_default.jpg;https://cooprinsem.cl/menu-de-productos/21002018-josicat-kitten-19-kgs.html
josicat-josicat-crispy-duck-1-9-kgs-gato-adulto-sabor-pato;Josera;JosiCat;gato;adulto;Josicat Crispy Duck 1,9 Kgs - Gato Adulto - Sabor Pato;1,9 kg;¿Un comedor quisquilloso? ¡JosiCat Crispy Duck para nuestros gatos más exigentes! La receta equilibrada con sabroso sabor a pato. Alimento Premium completo para gatos adultos de interior y exterior. Beneficios: - Piel sana y pelaje brillante: gracias a sus valiosos ácidos grasos, vitaminas y oligoelementos. - Contenido de grasa moderado. - Ideal para gatos de interior y exterior. - Comida deliciosa con sabrosa carne de aves de corral y sabor a pato. Nuestro compromiso: - Sin aditivos artificiales. - Sin soja, azúcares o productos lácteos añadidos. - Producto libre de BHT/ Etoxiquinas. - Calidad Alemana.;Consulte el empaque o especificación técnica del fabricante.;"{""Tipo De Producto"": ""Alimento premium"", ""Especie Animal"": ""Felino""}";Imagenes_Alimentos/Cooprinsem/gatos/josicat/josicat-josicat-crispy-duck-1-9-kgs-gato-adulto-sabor-pato.jpg;https://cooprinsem.cl/img/p/es-default-home_default.jpg;https://cooprinsem.cl/menu-de-productos/21002019-josicat-crispy-duck-19-kgs-.html
josicat-josicat-crispy-duck-10-kgs-gato-adulto-sabor-pato;Josera;JosiCat;gato;adulto;Josicat Crispy Duck 10 Kgs - Gato Adulto - Sabor Pato;10 kg;¿Un comedor quisquilloso? ¡JosiCat Crispy Duck para nuestros gatos más exigentes! La receta equilibrada con sabroso sabor a pato. Alimento Premium completo para gatos adultos de interior y exterior. Beneficios: - Piel sana y pelaje brillante: gracias a sus valiosos ácidos grasos, vitaminas y oligoelementos. - Contenido de grasa moderado. - Ideal para gatos de interior y exterior. - Comida deliciosa con sabrosa carne de aves de corral y sabor a pato. Nuestro compromiso: - Sin aditivos artificiales. - Sin soja, azúcares o productos lácteos añadidos. - Producto libre de BHT/ Etoxiquinas. - Calidad Alemana.;Consulte el empaque o especificación técnica del fabricante.;"{""Tipo De Producto"": ""Alimento premium"", ""Especie Animal"": ""Felino""}";Imagenes_Alimentos/Cooprinsem/gatos/josicat/josicat-josicat-crispy-duck-10-kgs-gato-adulto-sabor-pato.jpg;https://cooprinsem.cl/img/p/es-default-home_default.jpg;https://cooprinsem.cl/menu-de-productos/21002020-josicat-crispy-duck-10-kgs-.html
josicat-josicat-esterilizado-classic-1-9-kgs-gato-adulto-esterilizado-cuidado-urinario-ph;Josera;JosiCat;gato;adulto;Josicat Esterilizado Classic 1,9 Kgs - Gato Adulto - Esterilizado / Cuidado Urinario (pH);1,9 kg;Alimento completo para gatos adultos esterilizados o con sobre peso. JosiCat Esterilizado Classic es el menú perfecto con ingredientes seleccionados para satisfacer las nuevas necesidades dietéticas de un gato esterilizado. Los nutrientes premium garantizan una dieta equilibrada, dando a su gato todo lo que necesita, todos los días. Beneficios: - Niveles más bajos de grasa y más altos de proteína estimulan el metabolismo, ayudando a mantener un peso saludable. - Las fibras dietéticas especiales favorecen la sensación de saciedad. - Cuidado urinario (pH: 6.0-6.5): gracias a sus proporciones perfectamente equilibradas de minerales, que ayuda a prevenir la formación de cálculos urinarios. - Ideal para gatos de interior y exterior. Nuestro compromiso: - Sin aditivos artificiales. - Sin soja, azúcares o productos lácteos añadidos. - Producto libre de BHT/ Etoxiquinas. - Calidad Alemana.;Consulte el empaque o especificación técnica del fabricante.;"{""Tipo De Producto"": ""Alimento premium"", ""Especie Animal"": ""Felino""}";Imagenes_Alimentos/Cooprinsem/gatos/josicat/josicat-josicat-esterilizado-classic-1-9-kgs-gato-adulto-esterilizado-cuidado-urinario-ph.jpg;https://cooprinsem.cl/img/p/es-default-home_default.jpg;https://cooprinsem.cl/menu-de-productos/21002021-josicat-esterilizado-classic-19-kgs-.html
josicat-josicat-esterilizado-classic-10-kgs-gato-adulto-esterilizado-cuidado-urinario-ph;Josera;JosiCat;gato;adulto;Josicat Esterilizado Classic 10 Kgs - Gato Adulto - Esterilizado / Cuidado Urinario (pH);10 kg;Alimento completo para gatos adultos esterilizados o con sobre peso. JosiCat Esterilizado Classic es el menú perfecto con ingredientes seleccionados para satisfacer las nuevas necesidades dietéticas de un gato esterilizado. Los nutrientes premium garantizan una dieta equilibrada, dando a su gato todo lo que necesita, todos los días. Beneficios: - Niveles más bajos de grasa y más altos de proteína estimulan el metabolismo, ayudando a mantener un peso saludable. - Las fibras dietéticas especiales favorecen la sensación de saciedad. - Cuidado urinario (pH: 6.0-6.5): gracias a sus proporciones perfectamente equilibradas de minerales, que ayuda a prevenir la formación de cálculos urinarios. - Ideal para gatos de interior y exterior. Nuestro compromiso: - Sin aditivos artificiales. - Sin soja, azúcares o productos lácteos añadidos. - Producto libre de BHT/ Etoxiquinas. - Calidad Alemana.;Consulte el empaque o especificación técnica del fabricante.;"{""Tipo De Producto"": ""Alimento premium"", ""Especie Animal"": ""Felino""}";Imagenes_Alimentos/Cooprinsem/gatos/josicat/josicat-josicat-esterilizado-classic-10-kgs-gato-adulto-esterilizado-cuidado-urinario-ph.jpg;https://cooprinsem.cl/img/p/es-default-home_default.jpg;https://cooprinsem.cl/menu-de-productos/21002022-josicat-esterilizado-classic-10-kgs-.html
josera-josera-high-protein-chicken-12-5-kg-perro-alto-rendimiento;Josera;Josera;perro;adulto;Josera High Protein Chicken 12,5 Kg - Perro / Alto Rendimiento;12,5 kg;Alimento Super Premium  para perros adultos activos de todas las razas. Alto en proteínas (30% de proteínas totales). Una delicia libre de gluten para nuestros perros más activos. Alimentación de alto rendimiento para perros en crecimiento, deportistas, hembras gestantes y en lactancia.  Con proteína de aves de corral de alta calidad. Ayuda al cuidado de las articulaciones gracias al contenido de carne de mejillón de labios verdes de Nueva Zelanda (Perna canaliculus). No contiene saborizantes, conservantes ni preservantes artificiales, sin trigo, soja, azúcares o productos lácteos añadidos. Producto libre de BHT/Etoxiquinas. Calidad Alemana.;Consulte el empaque o especificación técnica del fabricante.;"{""Tipo De Producto"": ""Alimento super premium"", ""Especie Animal"": ""Canino""}";Imagenes_Alimentos/Cooprinsem/perros/josera/josera-josera-high-protein-chicken-12-5-kg-perro-alto-rendimiento.jpg;https://cooprinsem.cl/img/p/es-default-home_default.jpg;https://cooprinsem.cl/menu-de-productos/21002563-josera-high-protein-chicken-125-kg-perro-alto-rendimiento-.html
yow-up-yogurt-natural-yow-up-perro-115-grs;Yow Up;Yow Up;perro;adulto;Yogurt Natural Yow Up Perro 115 grs;115 g;Snack saludable y funcional diseñado especialmente para complementar la alimentación diaria de tu perro. Su fórmula cremosa y altamente palatable lo convierte en un premio irresistible, perfecto como snack, topping o para enriquecer momentos de juego y entrenamiento. Versión Natural enfocada en la salud digestiva, con prebióticos que favorecen el equilibrio intestinal, mejoran la absorción de nutrientes y contribuyen a reducir el olor de las heces. Elaborado con leche fermentada, sin lactosa, sin conservantes ni colorantes. De uso diario, no requiere refrigeración. Recomendado para: complementar el pienso, cambios de dieta o viajes, heces blandas, procesos antibióticos y mejorar la palatabilidad.;Consulte el empaque o especificación técnica del fabricante.;"{""Tipo De Producto"": ""Snack"", ""Especie Animal"": ""Canino""}";Imagenes_Alimentos/Cooprinsem/perros/yow-up/yow-up-yogurt-natural-yow-up-perro-115-grs.jpg;https://cooprinsem.cl/img/p/es-default-home_default.jpg;https://cooprinsem.cl/menu-de-productos/21002608-yogurt-natural-yow-up-perro-115-grs.html
yow-up-yogurt-natural-yow-up-gato-85-grs;Yow Up;Yow Up;gato;adulto;Yogurt Natural Yow Up Gato 85 grs;85 g;Snack saludable y funcional diseñado especialmente para complementar la alimentación diaria de tu gato. Su textura cremosa y alta palatabilidad lo convierten en un premio irresistible, ideal como snack, topping o para reforzar momentos de vínculo y juego. Versión Natural con foco digestivo, formulado con prebióticos que ayudan a equilibrar la flora intestinal, mejorar la digestión, la absorción de nutrientes y reducir el olor de las heces. Sin lactosa y fácil de digerir. De uso diario, no requiere refrigeración. Recomendado para: complementar el pienso, cambios de dieta o viajes, heces blandas, procesos antibióticos y mejorar la palatabilidad.;Consulte el empaque o especificación técnica del fabricante.;"{""Tipo De Producto"": ""Snack"", ""Especie Animal"": ""Felino""}";Imagenes_Alimentos/Cooprinsem/gatos/yow-up/yow-up-yogurt-natural-yow-up-gato-85-grs.jpg;https://cooprinsem.cl/img/p/es-default-home_default.jpg;https://cooprinsem.cl/menu-de-productos/21002609-yogurt-natural-yow-up-gato-85-grs.html
yow-up-yogurt-skin-and-hair-yow-up-perro-115-grs;Yow Up;Yow Up;perro;adulto;Yogurt Skin And Hair Yow Up Perro 115 grs;115 g;Snack saludable y funcional diseñado especialmente para complementar la alimentación diaria de tu perro. Su fórmula cremosa y altamente palatable lo convierte en un premio irresistible, ideal como snack, topping o durante el entrenamiento. Elaborado con salmón, enriquecido con colágeno y Omega 3, ayuda a mejorar la salud de la piel y aporta un pelaje más brillante. Además, contribuye a la salud digestiva, mejora la absorción de nutrientes y el olor de las heces. Sin lactosa y bajo en grasa. De uso diario, no requiere refrigeración. Recomendado para: complementar el pienso, cambios de dieta o viajes, heces blandas, procesos antibióticos y mejorar la palatabilidad.;Consulte el empaque o especificación técnica del fabricante.;"{""Tipo De Producto"": ""Snack"", ""Especie Animal"": ""Canino""}";Imagenes_Alimentos/Cooprinsem/perros/yow-up/yow-up-yogurt-skin-and-hair-yow-up-perro-115-grs.jpg;https://cooprinsem.cl/img/p/es-default-home_default.jpg;https://cooprinsem.cl/menu-de-productos/21002610-yogurt-skin-and-hair-yow-up-perro-115-grs.html
yow-up-yogurt-skin-and-hair-yow-up-gato-85-grs;Yow Up;Yow Up;gato;adulto;Yogurt Skin And Hair Yow Up Gato 85 grs;85 g;Snack saludable y funcional diseñado especialmente para complementar la alimentación diaria de tu gato. Su textura cremosa y sabor irresistible lo hacen perfecto como snack, topping o recompensa diaria. Con salmón, colágeno y Omega 3, contribuye a una piel más sana y un pelaje brillante. Apoya además la salud digestiva, la absorción de nutrientes y ayuda a reducir el olor de las heces. Sin lactosa y altamente digestible. De uso diario, no requiere refrigeración. Recomendado para: complementar el pienso, cambios de dieta o viajes, heces blandas, procesos antibióticos y mejorar la palatabilidad.;Consulte el empaque o especificación técnica del fabricante.;"{""Tipo De Producto"": ""Snack"", ""Especie Animal"": ""Felino""}";Imagenes_Alimentos/Cooprinsem/gatos/yow-up/yow-up-yogurt-skin-and-hair-yow-up-gato-85-grs.jpg;https://cooprinsem.cl/img/p/es-default-home_default.jpg;https://cooprinsem.cl/menu-de-productos/21002611-yogurt-skin-and-hair-yow-up-gato-85-grs.html
yow-up-yogurt-articular-yow-up-perro-115-grs;Yow Up;Yow Up;perro;adulto;Yogurt Articular Yow Up Perro 115 grs;115 g;Snack saludable y funcional diseñado especialmente para complementar la alimentación diaria de tu perro. Su fórmula cremosa y altamente palatable lo convierte en un premio irresistible, ideal como snack, topping o durante el entrenamiento. Elaborado con pollo y enriquecido con cúrcuma y condroprotectores, ayuda a mantener la salud articular y la movilidad. Además, contribuye a la salud digestiva, mejora la absorción de nutrientes y el olor de las heces. Sin lactosa y fácil de digerir. De uso diario, no requiere refrigeración. Recomendado para: complementar el pienso, cambios de dieta o viajes, heces blandas, procesos antibióticos y mejorar la palatabilidad.;Consulte el empaque o especificación técnica del fabricante.;"{""Tipo De Producto"": ""Snack"", ""Especie Animal"": ""Canino""}";Imagenes_Alimentos/Cooprinsem/perros/yow-up/yow-up-yogurt-articular-yow-up-perro-115-grs.jpg;https://cooprinsem.cl/img/p/es-default-home_default.jpg;https://cooprinsem.cl/menu-de-productos/21002612-yogurt-articular-yow-up-perro-115-grs.html
yow-up-helado-yow-up-bacon-cake-110-grs;Yow Up;Yow Up;gato;adulto;Helado Yow Up Bacon Cake 110 grs;110 g;Una propuesta divertida, rica y saludable, con una fórmula sin lactosa y baja en grasa. Un snack perfecto para refrescar, premiar o simplemente disfrutar. Elaborado a base de yogurt desnatado, destaca por su altísima palatabilidad, textura cremosa y práctico formato con tapa dosificadora, ideal para consumir directamente desde el envase. De uso diario, no requiere refrigeración. Solo congelar 30 minutos antes de consumir. Recomendado para: días calurosos, aumentar la hidratación, premio saludable, momentos de diversión y mejorar la aceptación. Sabor bacon cake.;Consulte el empaque o especificación técnica del fabricante.;"{""Tipo De Producto"": ""Snack"", ""Especie Animal"": ""Canino, felino""}";Imagenes_Alimentos/Cooprinsem/gatos/yow-up/yow-up-helado-yow-up-bacon-cake-110-grs.jpg;https://cooprinsem.cl/img/p/es-default-home_default.jpg;https://cooprinsem.cl/menu-de-productos/21002613-helado-yow-up-bacon-cake-110-grs.html
yow-up-helado-yow-up-salmon-tartar-110-grs;Yow Up;Yow Up;gato;adulto;Helado Yow Up Salmon Tartar 110 grs;110 g;Una propuesta divertida, rica y saludable, con una fórmula sin lactosa y baja en grasa. Un snack perfecto para refrescar, premiar o simplemente disfrutar. Elaborado a base de yogurt desnatado, destaca por su altísima palatabilidad, textura cremosa y práctico formato con tapa dosificadora, ideal para consumir directamente desde el envase. De uso diario, no requiere refrigeración. Solo congelar 30 minutos antes de consumir. Recomendado para: días calurosos, aumentar la hidratación, premio saludable, momentos de diversión y mejorar la aceptación. Sabor salmón tartar.;Consulte el empaque o especificación técnica del fabricante.;"{""Tipo De Producto"": ""Snack"", ""Especie Animal"": ""Canino, felino""}";Imagenes_Alimentos/Cooprinsem/gatos/yow-up/yow-up-helado-yow-up-salmon-tartar-110-grs.jpg;https://cooprinsem.cl/img/p/es-default-home_default.jpg;https://cooprinsem.cl/menu-de-productos/21002614-helado-yow-up-salmon-tartar-110-grs.html
yow-up-helado-yow-up-chicken-apple-110-grs;Yow Up;Yow Up;gato;adulto;Helado Yow Up Chicken & Apple 110 grs;110 g;Una propuesta divertida, rica y saludable, con una fórmula sin lactosa y baja en grasa. Un snack perfecto para refrescar, premiar o simplemente disfrutar. Elaborado a base de yogurt desnatado, destaca por su altísima palatabilidad, textura cremosa y práctico formato con tapa dosificadora, ideal para consumir directamente desde el envase. De uso diario, no requiere refrigeración. Solo congelar 30 minutos antes de consumir. Recomendado para: días calurosos, aumentar la hidratación, premio saludable, momentos de diversión y mejorar la aceptación. Sabor pollo y manzana.;Consulte el empaque o especificación técnica del fabricante.;"{""Tipo De Producto"": ""Alimento para mascotas"", ""Especie Animal"": ""Canino, felino""}";Imagenes_Alimentos/Cooprinsem/gatos/yow-up/yow-up-helado-yow-up-chicken-apple-110-grs.jpg;https://cooprinsem.cl/img/p/es-default-home_default.jpg;https://cooprinsem.cl/menu-de-productos/21002615-helado-yow-up-chicken-apple-110-grs-.html
zupet-qchefs-dental-snack-masticable-perro-65-grs;Zupet;Zupet;perro;adulto;Qchefs Dental Snack Masticable Perro 65 grs;65 g;Tratamiento dental funcional diseñado especialmente para complementar la higiene bucal diaria de tu perro. Su formato masticable y altamente palatable lo convierte en un premio irresistible, mientras ayuda a limpiar los dientes de forma natural. Su fórmula a base de proteína de queso actúa sobre la placa bacteriana, ayudando a reducir el sarro, el mal aliento y promoviendo la autolimpieza dental a través de la salivación. Además, es bajo en calorías, ideal para uso diario.;Consulte el empaque o especificación técnica del fabricante.;"{""Tipo De Producto"": ""Snack"", ""Especie Animal"": ""Canino""}";Imagenes_Alimentos/Cooprinsem/perros/zupet/zupet-qchefs-dental-snack-masticable-perro-65-grs.jpg;https://cooprinsem.cl/img/p/es-default-home_default.jpg;https://cooprinsem.cl/menu-de-productos/21002616-qchefs-dental-snack-masticable-perro-65-grs.html
zupet-qchefs-dental-snack-granulado-perro-90-grs;Zupet;Zupet;perro;adulto;Qchefs Dental Snack Granulado Perro 90 grs;90 g;Tratamiento dental funcional diseñado especialmente para complementar la higiene bucal diaria de tu perro. Su formato granulado y alta aceptación lo convierten en una solución práctica, ideal para mezclar con el alimento sin esfuerzo. Su fórmula a base de proteína de queso actúa desde la saliva sobre la placa bacteriana, ayudando a reducir el sarro, el mal aliento y promoviendo una higiene bucal continua de forma natural. Además, es bajo en calorías, ideal para uso diario.;Consulte el empaque o especificación técnica del fabricante.;"{""Tipo De Producto"": ""Snack"", ""Especie Animal"": ""Canino""}";Imagenes_Alimentos/Cooprinsem/perros/zupet/zupet-qchefs-dental-snack-granulado-perro-90-grs.jpg;https://cooprinsem.cl/img/p/es-default-home_default.jpg;https://cooprinsem.cl/menu-de-productos/21002617-qchefs-dental-snack-granulado-perro-90-grs.html
zupet-qchefs-dental-snack-granulado-gato-80-grs;Zupet;Zupet;gato;adulto;Qchefs Dental Snack Granulado Gato 80 grs;80 g;Tratamiento dental funcional diseñado especialmente para complementar la higiene bucal diaria de tu gato. Su formato granulado y alta palatabilidad permiten incorporarlo fácilmente en la alimentación, incluso en gatos más exigentes. Su fórmula a base de proteína de queso actúa sobre la placa bacteriana, ayudando a reducir el sarro y el mal aliento de forma natural, promoviendo una mejor salud oral sin necesidad de cepillado. Además, es bajo en calorías, ideal para uso diario.;Consulte el empaque o especificación técnica del fabricante.;"{""Tipo De Producto"": ""Snack"", ""Especie Animal"": ""Canino""}";Imagenes_Alimentos/Cooprinsem/gatos/zupet/zupet-qchefs-dental-snack-granulado-gato-80-grs.jpg;https://cooprinsem.cl/img/p/es-default-home_default.jpg;https://cooprinsem.cl/menu-de-productos/21002618-qchefs-dental-snack-granulado-gato-80-grs.html
zupet-wild-hueso-jam-n-serrano;Zupet;Zupet;perro;adulto;Wild Hueso Jamón Serrano;Presentación comercial;Snack hueso con jamón serrano rico en proteínas que aporta beneficios en la salud del perro (incluyendo la mejora de la piel y el pelaje). Ideales para fortalecer la dentadura y eliminar el sarro de la mascota. Los huesos de jamón serrano de Zupet no se cuecen, lo que evita su reblandecimiento, sino que se someten a un proceso de secado natural para mantener todas sus propiedades nutricionales intactas e impedir que se astillen fácilmente tanto al ser masticados como digeridos por la mascota. Es un producto natural que no contiene gluten y es una fuente natural de ácido oleico.;Consulte el empaque o especificación técnica del fabricante.;"{""Tipo De Producto"": ""Snack"", ""Especie Animal"": ""Canino""}";Imagenes_Alimentos/Cooprinsem/perros/zupet/zupet-wild-hueso-jam-n-serrano.jpg;https://cooprinsem.cl/img/p/es-default-home_default.jpg;https://cooprinsem.cl/menu-de-productos/21002619-wild-hueso-jamon-serrano.html
zupet-wild-medio-hueso-jamon-serrano-2-unidades;Zupet;Zupet;perro;adulto;Wild Medio Hueso Jamon Serrano - 2 unidades;2 unid;Snack hueso con jamón serrano rico en proteínas que aporta beneficios en la salud del perro (incluyendo la mejora de la piel y el pelaje). Ideales para fortalecer la dentadura y eliminar el sarro de la mascota. Los huesos de jamón serrano de Zupet no se cuecen, lo que evita su reblandecimiento, sino que se someten a un proceso de secado natural para mantener todas sus propiedades nutricionales intactas e impedir que se astillen fácilmente tanto al ser masticados como digeridos por la mascota. Es un producto natural que no contiene gluten y es una fuente natural de ácido oleico.;Consulte el empaque o especificación técnica del fabricante.;"{""Tipo De Producto"": ""Snack"", ""Especie Animal"": ""Canino""}";Imagenes_Alimentos/Cooprinsem/perros/zupet/zupet-wild-medio-hueso-jamon-serrano-2-unidades.jpg;https://cooprinsem.cl/img/p/es-default-home_default.jpg;https://cooprinsem.cl/menu-de-productos/21002620-wild-medio-hueso-jamon-serrano-2-unidades-.html
zupet-wild-hueso-codillo-jam-n-serrano;Zupet;Zupet;perro;adulto;Wild Hueso Codillo Jamón Serrano;Presentación comercial;Snack hueso con jamón serrano rico en proteínas que aporta beneficios en la salud del perro (incluyendo la mejora de la piel y el pelaje). Ideales para fortalecer la dentadura y eliminar el sarro de la mascota. Los huesos de jamón serrano de Zupet no se cuecen, lo que evita su reblandecimiento, sino que se someten a un proceso de secado natural para mantener todas sus propiedades nutricionales intactas e impedir que se astillen fácilmente tanto al ser masticados como digeridos por la mascota. Es un producto natural que no contiene gluten y es una fuente natural de ácido oleico.;Consulte el empaque o especificación técnica del fabricante.;"{""Tipo De Producto"": ""Snack"", ""Especie Animal"": ""Canino""}";Imagenes_Alimentos/Cooprinsem/perros/zupet/zupet-wild-hueso-codillo-jam-n-serrano.jpg;https://cooprinsem.cl/img/p/es-default-home_default.jpg;https://cooprinsem.cl/menu-de-productos/21002621-wild-hueso-codillo-jamon-serrano-.html
josera-josera-mini-adult-chicken-rice-10-kgs-pero-adulto-raza-peque-a;Josera;Josera;perro;adulto;Josera Mini Adult Chicken & Rice 10 kgs - Pero Adulto - Raza Pequeña;10 kg;Alimento Super Premium libre de gluten, especial para perros adultos de razas pequeñas. Pequeñas y deliciosas croquetas a base de carne deshidratada  de aves de corral  combinado con los mejores ingredientes, ofrece el máximo disfrute y otorga una nutrición óptima y saludable. Con valiosos acidos grasos y biotina para una piel sana y pelaje brillante. Contiene Tripolifosfato de sodio que ayuda a reducir la  formacion de sarro dental. No contiene saborizante, conservantes ni preservantes artificiales, sin trigo, soja, azúcares o productos lácteos añadidos. Producto libre de BHT/Etoxiquinas. Calidad Alemana.;Consulte el empaque o especificación técnica del fabricante.;"{""Tipo De Producto"": ""Alimento super premium"", ""Especie Animal"": ""Canino""}";Imagenes_Alimentos/Cooprinsem/perros/josera/josera-josera-mini-adult-chicken-rice-10-kgs-pero-adulto-raza-peque-a.jpg;https://cooprinsem.cl/img/p/es-default-home_default.jpg;https://cooprinsem.cl/menu-de-productos/21001987-josera-miniwell-10-kgs-pero-adulto-raza-pequena.html
