sku_id,proveedor_origen,mascota,marca,categoria,nombre_producto,formato,etapa_edad,precio_pet_mayorista,precio_local_transferencia,precio_local_debito,estado
FIVE-00001,GEPSA,Gato,9 Lives,Alimentos,ADULTO PESCADO,8KG,Adulto,15600,17000,17850,Activo
FIVE-00002,GEPSA,Gato,9 Lives,Alimentos,ADULTO PESCADO,15KG,Adulto,24600,27000,28350,Activo
FIVE-00003,GEPSA,Gato,9 Lives,Alimentos,ADULTO CARNE,8KG,Adulto,15600,17000,17850,Activo
FIVE-00004,GEPSA,Gato,9 Lives,Alimentos,ADULTO CARNE,15KG,Adulto,24600,27000,28350,Activo
FIVE-00005,GEPSA,Gato,9 Lives,Alimentos,ADULTO HOGAREÑO,15KG,Adulto,25700,28000,29400,Activo
FIVE-00006,GEPSA,Gato,9 Lives,Alimentos,9LIVE GATITO,8KG,Cachorro / Gatito,16000,18000,18900,Activo
FIVE-00007,GEPSA,Perro,Amici,Alimentos,AMICI ADULTO MIX,22KG,Adulto,23500,26000,27300,Activo
FIVE-00008,GEPSA,Perro,Amici,Alimentos,AMICI ADULTO CARNE,20KG,Adulto,23500,26000,27300,Activo
FIVE-00009,GEPSA,Perro,Amici,Alimentos,AMICI CACHORRO,22KG,Cachorro / Gatito,25000,27000,28350,Activo
FIVE-00010,GEPSA,Gato,Amici,Alimentos,GATO PESCADO,10KG,Todas las edades,16500,16500,17325,Activo
FIVE-00011,GEPSA,Gato,Amici,Alimentos,GATO MIX,10KG,Todas las edades,17000,17000,17850,Activo
FIVE-00012,GEPSA,Gato,Amici,Alimentos,GATO PESCADO,15KG,Todas las edades,19500,19500,20475,Activo
FIVE-00013,GEPSA,Gato,Amici,Alimentos,GATO MIX,15KG,Todas las edades,19000,19000,19950,Activo
FIVE-00014,GEPSA,Perro,Compinche,Alimentos,COMPINCHES PERRO ADULTO,25KG,Adulto,19000,20000,21000,Activo
FIVE-00015,GEPSA,Gato,Compinche,Alimentos,COMPINCHES GATO ADULTO,20KG,Adulto,23000,27000,28350,Activo
FIVE-00016,GEPSA,Perro,Ganacan,Alimentos,GANACAN CACHORRO,22KG,Cachorro / Gatito,21000,23000,24150,Activo
FIVE-00017,GEPSA,Perro,Ganacan,Alimentos,GANACAN ADULTO CARNE,22KG,Adulto,21000,23000,24150,Activo
FIVE-00018,GEPSA,Perro,Ganacan,Alimentos,GANACAN ADULTO MIX,25KG,Adulto,21000,23000,24150,Activo
FIVE-00019,GEPSA,Gato,Ganacat,Alimentos,GANACAT PESCADO,10KG,Todas las edades,15000,17000,17850,Activo
FIVE-00020,GEPSA,Gato,Ganacat,Alimentos,GANACAT MIX,10KG,Todas las edades,15000,17000,17850,Activo
FIVE-00021,GEPSA,Perro,Magnifico,Alimentos,MAGNIFICO PERRO,10KG,Todas las edades,10000,10000,10500,Activo
FIVE-00022,GEPSA,Perro,Odwalla,Alimentos,ODWALLA ADULTO,25KG,Adulto,31500,32000,33600,Activo
FIVE-00023,GEPSA,Perro,Odwalla,Alimentos,ODWALLA CACHORRO,25KG,Cachorro / Gatito,34000,35000,36750,Activo
FIVE-00024,GEPSA,Perro,Odwalla,Alimentos,ODWALLA ADULTO,15KG,Adulto,21000,21000,22050,Activo
FIVE-00025,GEPSA,Perro,Odwalla,Alimentos,ODWALLA CACHORRO,15KG,Cachorro / Gatito,25000,18000,18900,Activo
FIVE-00026,GEPSA,Perro,Top Nutrition,Alimentos,Top Nutrition Perros Cachorros Small Breed,BULTO8X1KG,Cachorro / Gatito,8000,8000,8400,Activo
FIVE-00027,GEPSA,Perro,Top Nutrition,Alimentos,Top Nutrition Perros Cachorros Small Breed,BULTO4X3KG,Cachorro / Gatito,14600,14600,15330,Activo
FIVE-00028,GEPSA,Perro,Top Nutrition,Alimentos,Top Nutrition Perros Cachorros Small Breed,"7,5KG",Cachorro / Gatito,31000,31000,32550,Activo
FIVE-00029,GEPSA,Perro,Top Nutrition,Alimentos,Top Nutrition Perros Adultos Small Breed,BULTO8X1KG,Adulto,7200,7200,7560,Activo
FIVE-00030,GEPSA,Perro,Top Nutrition,Alimentos,Top Nutrition Perros Adultos Small Breed,BULTO4X3KG,Adulto,14600,14600,15330,Activo
FIVE-00031,GEPSA,Perro,Top Nutrition,Alimentos,Top Nutrition Perros Adultos Small Breed,"7,5KG",Adulto,25300,25300,26565,Activo
FIVE-00032,GEPSA,Perro,Top Nutrition,Alimentos,Top Nutrition Perros Cachorros Medium Breed,BULTO4X3KG,Cachorro / Gatito,16500,16500,17325,Activo
FIVE-00033,GEPSA,Perro,Top Nutrition,Alimentos,Top Nutrition Perros Cachorros Medium Breed,"7,5KG",Cachorro / Gatito,31500,31500,33075,Activo
FIVE-00034,GEPSA,Perro,Top Nutrition,Alimentos,Top Nutrition Perros Cachorros Medium Breed,15KG,Cachorro / Gatito,42500,42500,44625,Activo
FIVE-00035,GEPSA,Perro,Top Nutrition,Alimentos,Top Nutrition Perros Cachorros Medium Breed,BULTO4X3KG,Cachorro / Gatito,15500,15500,16275,Activo
FIVE-00036,GEPSA,Perro,Top Nutrition,Alimentos,Top Nutrition Perros Adultos Medium Breed,"7,5KG",Adulto,27000,27000,28350,Activo
FIVE-00037,GEPSA,Perro,Top Nutrition,Alimentos,Top Nutrition Perros Adultos Medium Breed,15KG,Adulto,39000,39000,40950,Activo
FIVE-00038,GEPSA,Perro,Top Nutrition,Alimentos,Top Nutrition Perros Cachorros Large Breed,BULTO4X3KG,Cachorro / Gatito,17000,17000,17850,Activo
FIVE-00039,GEPSA,Perro,Top Nutrition,Alimentos,Top Nutrition Perros Cachorros Large Breed,15KG,Cachorro / Gatito,46000,46000,48300,Activo
FIVE-00040,GEPSA,Perro,Top Nutrition,Alimentos,Top Nutrition Perros Adultos Large Breed,BULTO4X3KG,Adulto,17700,17700,18585,Activo
FIVE-00041,GEPSA,Perro,Top Nutrition,Alimentos,Top Nutrition Perros Adultos Large Breed,15KG,Adulto,41000,41000,43050,Activo
FIVE-00042,GEPSA,Perro,Top Nutrition,Alimentos,Top Nutrition Perros Adultos Large Breed,25KG,Adulto,61000,61000,64050,Activo
FIVE-00043,GEPSA,Perro,Top Nutrition,Alimentos,Top Nutrition Perros Senior Raza pequeña,BULTO4X3KG,Senior (+7 años),17700,17700,18585,Activo
FIVE-00044,GEPSA,Perro,Top Nutrition,Alimentos,Top Nutrition Perros Senior Raza pequeña,7.5KG,Senior (+7 años),31500,31500,33075,Activo
FIVE-00045,GEPSA,Perro,Top Nutrition,Alimentos,Top Nutrition Perros Senior Raza med y grande,BULTO4X3KG,Senior (+7 años),17700,17700,18585,Activo
FIVE-00046,GEPSA,Perro,Top Nutrition,Alimentos,Top Nutrition Perros Senior Raza med y grande,15KG,Senior (+7 años),44000,44000,46200,Activo
FIVE-00047,GEPSA,Gato,Top Nutrition,Alimentos,Top Nutrition Kitten,BULTO6X2KG,Cachorro / Gatito,13300,13300,13965,Activo
FIVE-00048,GEPSA,Gato,Top Nutrition,Alimentos,Top Nutrition Kitten,7.5KG,Cachorro / Gatito,30000,30000,31500,Activo
FIVE-00049,GEPSA,Gato,Top Nutrition,Alimentos,Top Nutrition Adultos Cat,BULTO6X2KG,Adulto,12700,12700,13335,Activo
FIVE-00050,GEPSA,Gato,Top Nutrition,Alimentos,Top Nutrition Adultos Cat,7.5KG,Adulto,26500,26500,27825,Activo
FIVE-00051,GEPSA,Gato,Top Nutrition,Alimentos,Top Nutrition Adultos Cat,15KG,Adulto,41000,41000,43050,Activo
FIVE-00052,GEPSA,Gato,Top Nutrition,Alimentos,Top Nutrition Gato Senior,BULTO6X2KG,Senior (+7 años),13000,13000,13650,Activo
FIVE-00053,GEPSA,Perro,Zimpi,Alimentos,ZIMPI PERRO ADULTO,25KG,Adulto,20000,23000,24150,Activo
FIVE-00054,TRESKO,Perro,Acomer,Alimentos,ACOMER CACHORRO,10KG,Cachorro / Gatito,13500,13500,14175,Activo
FIVE-00055,TRESKO,Perro,Acomer,Alimentos,ACOMER R/P,10KG,Todas las edades,13000,13000,13650,Activo
FIVE-00056,TRESKO,Perro,Acomer,Alimentos,ACOMER ADULTO,10KG,Adulto,12400,12400,13020,Activo
FIVE-00057,TRESKO,Perro,Acomer,Alimentos,ACOMER ADULTO,18KG,Adulto,20700,20700,21735,Activo
FIVE-00058,TRESKO,Perro,Acomer,Alimentos,ACOMER ADULTO,25KG,Adulto,27700,27700,29085,Activo
FIVE-00059,TRESKO,Perro,Acomer,Alimentos,ACOMER NATURAL,9KG,Todas las edades,14000,14000,14700,Activo
FIVE-00060,TRESKO,Perro,Acomer,Alimentos,ACOMER NATURAL,22KG,Todas las edades,28700,28700,30135,Activo
FIVE-00061,TRESKO,Gato,Acomer,Alimentos,ACOMER GATO,10KG,Todas las edades,14000,14000,14700,Activo
FIVE-00062,TRESKO,Gato,Ekoscat,Alimentos,GATO ADULTO,9KG,Adulto,11500,11500,12075,Activo
FIVE-00063,TRESKO,Gato,Trigono,Alimentos,TRIGONO GATO,10KG,Todas las edades,13000,13000,13650,Activo
FIVE-00064,TRESKO,Perro,Trigono,Alimentos,TRIGONO CACHORRO,10KG,Cachorro / Gatito,13000,13000,13650,Activo
FIVE-00065,CAROZZI,Perro,Cachupín,Alimentos,CACHUPÍN ADULTO,25KG,Adulto,26500,26500,27825,Activo
FIVE-00066,CAROZZI,Perro,Cachupín,Alimentos,CACHUPÍN CACHORRO,25KG,Cachorro / Gatito,27500,27500,28875,Activo
FIVE-00067,CAROZZI,Perro,Guau Forte,Alimentos,GUAU FORTE,25KG,Todas las edades,21000,21000,22050,Activo
FIVE-00068,CAROZZI,Perro,Master Dog,Alimentos,MASTER DOG CACHORRO,18KG,Cachorro / Gatito,26500,26500,27825,Activo
FIVE-00069,CAROZZI,Perro,Master Dog,Alimentos,MASTER DOG ADULTO,18KG,Adulto,25500,25500,26775,Activo
FIVE-00070,CAROZZI,Perro,Master Dog,Alimentos,MASTER DOG ADULTO RAZAS PEQUEÑAS,18KG,Adulto,26500,26500,27825,Activo
FIVE-00071,CAROZZI,Perro,Master Dog,Alimentos,MASTER DOG SENIOR,18KG,Senior (+7 años),26500,26500,27825,Activo
FIVE-00072,CAROZZI,Perro,Master Dog,Alimentos,MASTER DOG SENIOR,21KG,Senior (+7 años),28500,28500,29925,Activo
FIVE-00073,CAROZZI,Gato,Master Cat,Alimentos,MASTER CAT SALMÓN,20KG,Todas las edades,38000,38000,39900,Activo
FIVE-00074,CAROZZI,Gato,Master Cat,Alimentos,MASTER CAT CARNE,20KG,Todas las edades,38000,38000,39900,Activo
FIVE-00075,CAUPOLICAN,Gato,Askat,Alimentos,ADULTO,20KG,Adulto,21500,21500,22575,Activo
FIVE-00076,CAUPOLICAN,Gato,Bio-Cat,Alimentos,ADULTO,10KG,Adulto,17000,17000,17850,Activo
FIVE-00077,CAUPOLICAN,Perro,Cool Dog,Alimentos,COOL DOG NUEVO,10KG,Todas las edades,7900,7900,8295,Activo
FIVE-00078,CAUPOLICAN,Perro,Cool Dog,Alimentos,COOL DOG NUEVO,25KG,Todas las edades,18500,18500,19425,Activo
FIVE-00079,CAUPOLICAN,Perro,Mastín,Alimentos,MASTIN CACHORRO,15KG,Cachorro / Gatito,21000,21000,22050,Activo
FIVE-00080,CAUPOLICAN,Perro,Mastín,Alimentos,MASTIN ADULTO,22KG,Adulto,28500,28500,29925,Activo
FIVE-00081,CAUPOLICAN,Perro,Mastín,Alimentos,MASTIN ADULTO,8KG,Adulto,13700,13700,14385,Activo
FIVE-00082,CAUPOLICAN,Perro,Mastín,Alimentos,MASTIN SENIOR,20KG,Senior (+7 años),30000,30000,31500,Activo
FIVE-00083,CAUPOLICAN,Perro,Mastín,Alimentos,MASTIN SIGNATURE 15 KG,15KG,Todas las edades,34000,34000,35700,Activo
FIVE-00084,CAUPOLICAN,Perro,Mastín,Alimentos,MASTIN ADULTO RAZA PEQUEÑA,10KG,Adulto,15000,15000,15750,Activo
FIVE-00085,CAUPOLICAN,Perro,Pionero,Alimentos,PERRO ADULTO 18KG,18KG,Adulto,30000,30000,31500,Activo
FIVE-00086,CAUPOLICAN,Perro,Regal Pet,Alimentos,ADULTO,20KG,Adulto,22000,22000,23100,Activo
FIVE-00087,PROA,Perro,Canito,Alimentos,PERRO ADULTO,25KG,Adulto,21500,21500,22575,Activo
FIVE-00088,PROA,Perro,Champion,Alimentos,CHAMPION ADULTO,18KG,Adulto,23800,23800,24990,Activo
FIVE-00089,PROA,Perro,Champion,Alimentos,CHAMPION ADULTO RAZA PEQUEÑA,18KG,Adulto,23800,23800,24990,Activo
FIVE-00090,PROA,Perro,Champion,Alimentos,CHAMPION CACHORRO,18KG,Cachorro / Gatito,23800,23800,24990,Activo
FIVE-00091,PROA,Perro,Champion,Alimentos,CHAMPION SENIOR,18KG,Senior (+7 años),23800,23800,24990,Activo
FIVE-00092,PROA,Gato,Champion,Alimentos,CHAMPION GATITO,20KG,Cachorro / Gatito,35000,35000,36750,Activo
FIVE-00093,PROA,Gato,Champion,Alimentos,CHAMPION CAT,20KG,Todas las edades,35000,35000,36750,Activo
FIVE-00094,PROA,Gato,Sabrocat,Alimentos,SABROCAT,8KG,Todas las edades,13000,13000,13650,Activo
FIVE-00095,PROA,Gato,Sabrocat,Alimentos,SABROCAT,20KG,Todas las edades,26500,26500,27825,Activo
FIVE-00096,PROA,Perro,Sabrokan,Alimentos,SABROKAN,25KG,Todas las edades,24500,24500,25725,Activo
FIVE-00097,PROA,Perro,Top One,Alimentos,ADULTO,9KG,Adulto,16500,16500,17325,Activo
FIVE-00098,PROA,Perro,Top One,Alimentos,ADULTO,18KG,Adulto,28000,28000,29400,Activo
FIVE-00099,PROA,Perro,Top One,Alimentos,RAZA PEQUEÑA,9KG,Todas las edades,17000,17000,17850,Activo
FIVE-00100,PROA,Perro,Top One,Alimentos,CACHORRO,9KG,Cachorro / Gatito,17000,17000,17850,Activo
FIVE-00101,PROA,Gato,Top One,Alimentos,GATO,9KG,Todas las edades,17600,17600,18480,Activo
FIVE-00102,PROA,Perro,Gallina,Alimentos,PONEDORA INICIAL,25KG,Todas las edades,15250,15250,16012,Activo
FIVE-00103,PROA,Perro,Gallina,Alimentos,PONEDORA FINAL,25KG,Todas las edades,15000,15000,15750,Activo
FIVE-00104,PROA,Perro,Gallina,Alimentos,BROILER INICIAL,25KG,Todas las edades,17802,17802,18692,Activo
FIVE-00105,PROA,Perro,Gallina,Alimentos,BROILER FINAL,25KG,Todas las edades,17207,17207,18067,Activo
FIVE-00106,GORCHEN,Perro,Company,Alimentos,ADULTO,20+3KG,Adulto,29000,29000,30450,Activo
FIVE-00107,GORCHEN,Perro,Company,Alimentos,CACHORRO,20KG,Cachorro / Gatito,31500,31500,33075,Activo
FIVE-00108,GORCHEN,Perro,Kongo,Alimentos,KONGO ADULTO,21KG,Adulto,27000,27000,28350,Activo
FIVE-00109,GORCHEN,Perro,Kongo,Alimentos,KONGO ADULTO,18KG,Adulto,23000,23000,24150,Activo
FIVE-00110,GORCHEN,Perro,Kongo,Alimentos,KONGO ADULTO,"1,5KG",Adulto,2900,2900,3045,Activo
FIVE-00111,GORCHEN,Perro,Kongo,Alimentos,KONGO CACHORRO,21KG,Cachorro / Gatito,32000,32000,33600,Activo
FIVE-00112,GORCHEN,Perro,Kongo,Alimentos,KONGO CACHORRO,15KG,Cachorro / Gatito,24500,24500,25725,Activo
FIVE-00113,GORCHEN,Perro,Kongo,Alimentos,KONGO CACHORRO,8KG,Cachorro / Gatito,13500,13500,14175,Activo
FIVE-00114,GORCHEN,Perro,Kongo,Alimentos,KONGO CACHORRO,"1,5KG",Cachorro / Gatito,2900,2900,3045,Activo
FIVE-00115,GORCHEN,Perro,Kongo,Alimentos,KONGO RAZA PEQUEÑA,15KG,Todas las edades,23500,23500,24675,Activo
FIVE-00116,GORCHEN,Perro,Kongo,Alimentos,KONGO RAZA PEQUEÑA,8KG,Todas las edades,13500,13500,14175,Activo
FIVE-00117,GORCHEN,Perro,Kongo,Alimentos,KONGO RAZA PEQUEÑA,"1,5KG",Todas las edades,2900,2900,3045,Activo
FIVE-00118,GORCHEN,Gato,Kongo,Alimentos,KONGO GATO ADULTO PESCADO,15KG,Adulto,32000,32000,33600,Activo
FIVE-00119,GORCHEN,Gato,Kongo,Alimentos,KONGO GATO ADULTO PESCADO,8KG,Adulto,18500,18500,19425,Activo
FIVE-00120,GORCHEN,Gato,Kongo,Alimentos,KONGO GATO ADULTO PESCADO,1KG,Adulto,2800,2800,2940,Activo
FIVE-00121,GORCHEN,Gato,Kongo,Alimentos,KONGO GATO ADULTO POLLO,8KG,Adulto,18500,18500,19425,Activo
FIVE-00122,GORCHEN,Gato,Kongo,Alimentos,KONGO GATO ADULTO POLLO,1KG,Adulto,2800,2800,2940,Activo
FIVE-00123,GORCHEN,Gato,Kongo,Alimentos,KONGO GATITO,8KG,Cachorro / Gatito,19500,19500,20475,Activo
FIVE-00124,GORCHEN,Gato,Kongo,Alimentos,KONGO GATITO,1KG,Cachorro / Gatito,2900,2900,3045,Activo
FIVE-00125,GORCHEN,Perro,Kongo Gold,Alimentos,KONGO ADULTO GOLD,21KG,Adulto,33000,33000,34650,Activo
FIVE-00126,GORCHEN,Perro,Kongo Gold,Alimentos,KONGO ADULTO,3KG,Adulto,6500,6500,6825,Activo
FIVE-00127,GORCHEN,Perro,Kongo Gold,Alimentos,KONGO CACHORRO GOLD,21KG,Cachorro / Gatito,35000,35000,36750,Activo
FIVE-00128,GORCHEN,Perro,Kongo Gold,Alimentos,KONGO CACHORRO,3KG,Cachorro / Gatito,7400,7400,7770,Activo
FIVE-00129,GORCHEN,Perro,Natural Meat,Alimentos,PERRO ADULTO,15KG+2KG,Adulto,25500,25500,26775,Activo
FIVE-00130,GORCHEN,Perro,Natural Meat,Alimentos,ADULTO VORAZ,25KG,Adulto,21000,21000,22050,Activo
FIVE-00131,GORCHEN,Perro,Natural Meat,Alimentos,CACHORRO,10KG,Cachorro / Gatito,14000,14000,14700,Activo
FIVE-00132,GORCHEN,Gato,Natural Meat,Alimentos,GATO,20KG,Todas las edades,26000,26000,27300,Activo
FIVE-00133,GORCHEN,Gato,Natural Meat,Alimentos,GATO,10KG,Todas las edades,14500,14500,15225,Activo
FIVE-00134,GORCHEN,Gato,Natural Meat,Alimentos,GATITO,15KG,Cachorro / Gatito,25000,25000,26250,Activo
FIVE-00135,ALCA,Perro,Voller,Alimentos,VOLLER ADULTO,20KG,Adulto,32500,32500,34125,Activo
FIVE-00136,ALCA,Perro,Voller,Alimentos,VOLLER CACHORRO,10KG,Cachorro / Gatito,19500,19500,20475,Activo
FIVE-00137,ALCA,Perro,Voller,Alimentos,VOLLER ADULTO RAZA PEQUEÑA,10KG,Adulto,19000,19000,19950,Activo
FIVE-00138,ALCA,Gato,Voller,Alimentos,VOLLER GATO,10KG,Todas las edades,24500,24500,25725,Activo
FIVE-00139,ALCA,Perro,Voller,Alimentos,VOLLER ADULTO,20KG,Adulto,33000,33000,34650,Activo
FIVE-00140,ALCA,Perro,Voller,Alimentos,VOLLER CACHORRO,10KG,Cachorro / Gatito,20000,20000,21000,Activo
FIVE-00141,ALCA,Perro,Voller,Alimentos,VOLLER ADULTO RAZA PEQUEÑA,10KG,Adulto,19500,19500,20475,Activo
FIVE-00142,ALCA,Gato,Voller,Alimentos,VOLLER GATO,10KG,Todas las edades,24500,24500,25725,Activo
FIVE-00143,NB,Gato,Masko,Alimentos,MASKO GATO,10KG,Todas las edades,12800,14000,14700,Activo
FIVE-00144,NB,Gato,Masko,Alimentos,MASKO GATO,25KG,Todas las edades,29000,30000,31500,Activo
FIVE-00145,NB,Perro,Masko,Alimentos,MASKO PERRO,25KG,Todas las edades,24000,24000,25200,Activo
FIVE-00146,NB,Perro,Nomade,Alimentos,NOMADE ADULTO,20KG,Adulto,30500,30500,32025,Activo
FIVE-00147,NB,Perro,Nomade,Alimentos,NOMADE CACHORRO,10KG,Cachorro / Gatito,20000,20000,21000,Activo
FIVE-00148,NB,Perro,Nomade,Alimentos,NOMADE ADULTO RAZA PEQUEÑA,10KG,Adulto,19000,19000,19950,Activo
FIVE-00149,NB,Gato,Nomade,Alimentos,NOMADE GATO,10KG,Todas las edades,22800,22800,23940,Activo
FIVE-00150,NB,Perro,Tyson,Alimentos,TYSON,25KG,Todas las edades,21000,21000,22050,Activo
FIVE-00151,COOPRINSEN,Perro,Bavaro,Alimentos,BAVARO FORCE ADULTO CACHORRO,18KG,Cachorro / Gatito,37083,42000,44100,Activo
FIVE-00152,COOPRINSEN,Perro,Bavaro,Alimentos,BAVARO TASK ADULTO,18KG,Adulto,34828,40000,42000,Activo
FIVE-00153,COOPRINSEN,Perro,Bavaro,Alimentos,BAVARO WORK ADULTO,18KG,Adulto,33701,40000,42000,Activo
FIVE-00154,COOPRINSEN,Gato,Josera,Alimentos,JOSERA KITTEN GATITO,2KG,Cachorro / Gatito,15829,18000,18900,Activo
FIVE-00155,COOPRINSEN,Gato,Josera,Alimentos,JOSERA DAILYCAT ADULTO,2KG,Adulto,13646,17000,17850,Activo
FIVE-00156,COOPRINSEN,Gato,Josera,Alimentos,JOSERA DAILYCAT ADULTO,10KG,Adulto,51920,58000,60900,Activo
FIVE-00157,COOPRINSEN,Gato,Josera,Alimentos,JOSERA MARINESSE ADULTO,2KG,Adulto,14156,18000,18900,Activo
FIVE-00158,COOPRINSEN,Gato,Josera,Alimentos,JOSERA MARINESSE ADULTO,10KG,Adulto,53861,60000,63000,Activo
FIVE-00159,COOPRINSEN,Gato,Josera,Alimentos,JOSERA NATURECAT GATITO/ADULTO,2KG,Cachorro / Gatito,14410,18000,18900,Activo
FIVE-00160,COOPRINSEN,Gato,Josera,Alimentos,JOSERA NATURECAT GATITO/ADULTO,10KG,Cachorro / Gatito,53976,60000,63000,Activo
FIVE-00161,COOPRINSEN,Gato,Josera,Alimentos,JOSERA NATURELLE ADULTO,2KG,Adulto,14410,18000,18900,Activo
FIVE-00162,COOPRINSEN,Gato,Josera,Alimentos,JOSERA NATURELLE ADULTO,10KG,Adulto,53976,60000,63000,Activo
FIVE-00163,COOPRINSEN,Gato,Josera,Alimentos,JOSERA CULINESSE ADULTO,2KG,Adulto,13927,17000,17850,Activo
FIVE-00164,COOPRINSEN,Gato,Josera,Alimentos,JOSERA CULINESSE ADULTO,10KG,Adulto,47847,56000,58800,Activo
FIVE-00165,COOPRINSEN,Perro,Josera,Alimentos,JOSERA KIDS CACHORRO MEDIANA/GRANDE,"12,5KG",Cachorro / Gatito,45084,55000,57750,Activo
FIVE-00166,COOPRINSEN,Perro,Josera,Alimentos,JOSERA FESTIVAL ADULTO MEDIANA/GRANDE,"12,5KG",Adulto,47572,57000,59850,Activo
FIVE-00167,COOPRINSEN,Perro,Josera,Alimentos,JOSERA FIESTA PLUS,"12,5KG",Todas las edades,44617,54000,56700,Activo
FIVE-00168,COOPRINSEN,Perro,Josera,Alimentos,JOSERA BALANCE SENIOR MEDIANA/GRANDE,"12,5KG..",Senior (+7 años),45187,55000,57750,Activo
FIVE-00169,COOPRINSEN,Perro,Josera,Alimentos,JOSERA MINIWELL,10KG,Todas las edades,37522,47000,49350,Activo
FIVE-00170,COOPRINSEN,Perro,Josera,Alimentos,JOSERA YOUNG STAR CACHORRO S/CEREALES,"12,5KG",Cachorro / Gatito,49690,57000,59850,Activo
FIVE-00171,COOPRINSEN,Perro,Josera,Alimentos,JOSERA ENTE&KARTOFFEL MONOPROTEICO S/CEREALES PATO,"12,5KG",Todas las edades,52745,60000,63000,Activo
FIVE-00172,COOPRINSEN,Perro,Josera,Alimentos,JOSERA LACHS&KARTOFFEL MONOPROTEICO S/CEREAL SALMÓN,"12,5KG",Todas las edades,58362,68000,71400,Activo
FIVE-00173,COOPRINSEN,Perro,Josera,Alimentos,JOSERA CHICKEN & SWEET POTATO,"12,5KG",Todas las edades,47892,57000,59850,Activo
FIVE-00174,COOPRINSEN,Perro,Josera,Alimentos,JOSERA LIGHT & VITAL,"12,5KG",Todas las edades,45304,55000,57750,Activo
FIVE-00175,COOPRINSEN,Perro,Josera,Alimentos,JOSERA SENSIPLUS,"12,5KG",Todas las edades,45377,55000,57750,Activo
FIVE-00176,COOPRINSEN,Perro,Josera,Alimentos,JOSERA HIGH ENERGY,"12,5KG",Todas las edades,46409,56000,58800,Activo
FIVE-00177,COOPRINSEN,Gato,Josi,Alimentos,JOSICAT CRUNCHY ADULTO,10KG,Adulto,32898,38500,40425,Activo
FIVE-00178,COOPRINSEN,Gato,Josi,Alimentos,JOSICAT KITTEN,"1,9KG",Cachorro / Gatito,10447,15000,15750,Activo
FIVE-00179,COOPRINSEN,Gato,Josi,Alimentos,JOSICAT CRISPY DUCK,"1,9KG",Todas las edades,9515,15000,15750,Activo
FIVE-00180,COOPRINSEN,Gato,Josi,Alimentos,JOSICAT CRISPY DUCK,10KG,Todas las edades,33678,38500,40425,Activo
FIVE-00181,COOPRINSEN,Gato,Josi,Alimentos,JOSICAT ESTERILIZADO CLASSIC,"1,9KG",Todas las edades,10447,15000,15750,Activo
FIVE-00182,COOPRINSEN,Gato,Josi,Alimentos,JOSICAT ESTERILIZADO CLASSIC,10KG,Todas las edades,35874,38500,40425,Activo
FIVE-00183,COOPRINSEN,Perro,Josi,Alimentos,JOSIDOG JUNIOR CACHORRO,18KG,Cachorro / Gatito,46627,51000,53550,Activo
FIVE-00184,COOPRINSEN,Perro,Josi,Alimentos,JOSIDOG REGULAR ADULTO,18KG,Adulto,45998,51000,53550,Activo
FIVE-00185,COOPRINSEN,Perro,Josi,Alimentos,JOSIDOG FAMILY ADULTO/CACHORRO,15KG,Cachorro / Gatito,45091,51000,53550,Activo
FIVE-00186,COOPRINSEN,Perro,Josi,Alimentos,JOSIDOG ACTIVE ADULTO,18KG,Adulto,48765,52000,54600,Activo
FIVE-00187,COOPRINSEN,Perro,Josi,Alimentos,JOSIDOG SOLIDO SENIOR,15KG,Senior (+7 años),35932,42000,44100,Activo
FIVE-00188,PURINA,Gato,Cat Chow,Alimentos,CAT CHOW ADULTO PESCADO,24KG,Adulto,58500,58500,61425,Activo
FIVE-00189,PURINA,Gato,Cat Chow,Alimentos,CAT CHOW ADULTO PESCADO,"19,5KG",Adulto,53000,53000,55650,Activo
FIVE-00190,PURINA,Gato,Cat Chow,Alimentos,CAT CHOW ADULTO PESCADO,8KG,Adulto,22900,22900,24045,Activo
FIVE-00191,PURINA,Gato,Cat Chow,Alimentos,CAT CHOW ADULTO PESCADO,3KG,Adulto,11500,11500,12075,Activo
FIVE-00192,PURINA,Gato,Cat Chow,Alimentos,CAT CHOW ADULTO CARNE,24KG,Adulto,58000,58000,60900,Activo
FIVE-00193,PURINA,Gato,Cat Chow,Alimentos,CAT CHOW ADULTO CARNE,"19,5KG",Adulto,53000,53000,55650,Activo
FIVE-00194,PURINA,Gato,Cat Chow,Alimentos,CAT CHOW ADULTO CARNE,8KG,Adulto,22900,22900,24045,Activo
FIVE-00195,PURINA,Gato,Cat Chow,Alimentos,CAT CHOW ADULTO CARNE,3KG,Adulto,11500,11500,12075,Activo
FIVE-00196,PURINA,Gato,Cat Chow,Alimentos,CAT CHOW GATITO,24KG,Cachorro / Gatito,60500,60500,63525,Activo
FIVE-00197,PURINA,Gato,Cat Chow,Alimentos,CAT CHOW GATITO,"19,5KG",Cachorro / Gatito,54500,54500,57225,Activo
FIVE-00198,PURINA,Gato,Cat Chow,Alimentos,CAT CHOW GATITO,8KG,Cachorro / Gatito,24300,24300,25515,Activo
FIVE-00199,PURINA,Gato,Cat Chow,Alimentos,CAT CHOW GATITO,3KG,Cachorro / Gatito,12500,12500,13125,Activo
FIVE-00200,PURINA,Gato,Cat Chow,Alimentos,CAT CHOW ADULTO DELI MIX,24KG,Adulto,60000,60000,63000,Activo
FIVE-00201,PURINA,Gato,Cat Chow,Alimentos,CAT CHOW ADULTO DELI MIX,"19,5KG",Adulto,53000,53000,55650,Activo
FIVE-00202,PURINA,Gato,Cat Chow,Alimentos,CAT CHOW ADULTO DELI MIX,8KG,Adulto,24300,24300,25515,Activo
FIVE-00203,PURINA,Gato,Cat Chow,Alimentos,CAT CHOW ADULTO DELI MIX,3KG,Adulto,11500,11500,12075,Activo
FIVE-00204,PURINA,Gato,Cat Chow,Alimentos,CAT CHOW ESTERILIZADOS,24KG,Todas las edades,58000,58000,60900,Activo
FIVE-00205,PURINA,Gato,Cat Chow,Alimentos,CAT CHOW ESTERILIZADOS,"19,5KG",Todas las edades,53000,53000,55650,Activo
FIVE-00206,PURINA,Gato,Cat Chow,Alimentos,CAT CHOW ESTERILIZADOS,8KG,Todas las edades,22900,22900,24045,Activo
FIVE-00207,PURINA,Gato,Cat Chow,Alimentos,CAT CHOW ESTERILIZADOS,3KG,Todas las edades,11500,11500,12075,Activo
FIVE-00208,PURINA,Perro,Dog Chow,Alimentos,DOG CHOW CACHORRO RAZA MEDIANA Y GRANDE,24KG,Cachorro / Gatito,48500,48500,50925,Activo
FIVE-00209,PURINA,Perro,Dog Chow,Alimentos,DOG CHOW CACHORRO RAZA MEDIANA Y GRANDE,18KG,Cachorro / Gatito,37500,37500,39375,Activo
FIVE-00210,PURINA,Perro,Dog Chow,Alimentos,DOG CHOW CACHORRO RAZA MEDIANA Y GRANDE,"19,5KG",Cachorro / Gatito,41000,41000,43050,Activo
FIVE-00211,PURINA,Perro,Dog Chow,Alimentos,DOG CHOW ADULTO RAZA MEDIANA Y GRANDE,24KG,Adulto,43500,43500,45675,Activo
FIVE-00212,PURINA,Perro,Dog Chow,Alimentos,DOG CHOW ADULTO RAZA MEDIANA Y GRANDE,18KG,Adulto,34300,34300,36015,Activo
FIVE-00213,PURINA,Perro,Dog Chow,Alimentos,DOG CHOW ADULTO RAZA MEDIANA Y GRANDE,"19,5KG",Adulto,37500,37500,39375,Activo
FIVE-00214,PURINA,Perro,Dog Chow,Alimentos,DOG CHOW ADULTO RAZA MEDIANA Y GRANDE,"16,5KG",Adulto,34000,34000,35700,Activo
FIVE-00215,PURINA,Perro,Dog Chow,Alimentos,DOG CHOW CACHORRO RAZA PEQUEÑA,"19,5KG",Cachorro / Gatito,41000,41000,43050,Activo
FIVE-00216,PURINA,Perro,Dog Chow,Alimentos,DOG CHOW ADULTO RAZA PEQUEÑA,24KG,Adulto,48500,48500,50925,Activo
FIVE-00217,PURINA,Perro,Dog Chow,Alimentos,DOG CHOW ADULTO RAZA PEQUEÑA,"19,5KG",Adulto,41000,41000,43050,Activo
FIVE-00218,PURINA,Perro,Dog Chow,Alimentos,DOG CHOW SENIOR +7,8KG,Senior (+7 años),18000,18000,18900,Activo
FIVE-00219,PURINA,Perro,Doko,Alimentos,DOKO CACHORRO,24KG,Cachorro / Gatito,33000,33000,34650,Activo
FIVE-00220,PURINA,Perro,Doko,Alimentos,DOKO ADULTO,24KG,Adulto,33000,33000,34650,Activo
FIVE-00221,PURINA,Perro,Doko,Alimentos,DOKO ADULTO,18KG,Adulto,27000,27000,28350,Activo
FIVE-00222,PURINA,Perro,Excellent,Alimentos,EXCELLENT CACHORRO,12KG,Cachorro / Gatito,31500,31500,33075,Activo
FIVE-00223,PURINA,Perro,Excellent,Alimentos,EXCELLENT ADULTO CARNE,12KG,Adulto,29500,29500,30975,Activo
FIVE-00224,PURINA,Perro,Excellent,Alimentos,EXCELLENT ADULTO SALMÓN,12KG,Adulto,29500,29500,30975,Activo
FIVE-00225,PURINA,Perro,Excellent,Alimentos,EXCELLENT MANTENCIÓN,15KG,Todas las edades,25000,25000,26250,Activo
FIVE-00226,PURINA,Gato,Excellent,Alimentos,EXCELLENT GATO ADULTO,"7,5KG",Adulto,22500,22500,23625,Activo
FIVE-00227,PURINA,Gato,Excellent,Alimentos,EXCELLENT KITTEN,"7,5KG",Cachorro / Gatito,22500,22500,23625,Activo
FIVE-00228,PURINA,Gato,Excellent,Alimentos,EXCELLENT GATO ESTERILIZADO,"7,5KG",Todas las edades,22500,22500,23625,Activo
FIVE-00229,PURINA,Gato,Excellent,Alimentos,EXCELLENT GATO URINARY,"7,5KG",Todas las edades,22500,22500,23625,Activo
FIVE-00230,PURINA,Gato,Gati,Alimentos,GATI PESCADO,8KG,Todas las edades,15000,15000,15750,Activo
FIVE-00231,PURINA,Gato,Gati,Alimentos,GATI PESCADO ARROZ,15KG,Todas las edades,26500,26500,27825,Activo
FIVE-00232,PURINA,Gato,Gati,Alimentos,GATI CARNE,15KG,Todas las edades,26500,26500,27825,Activo
FIVE-00233,PURINA,Gato,Gati,Alimentos,FELIX MEGAMIX GATITO,15KG,Cachorro / Gatito,29500,29500,30975,Activo
FIVE-00234,PURINA,Gato,Gati,Alimentos,FELIX MEGAMIX GATO ADULTO,15KG,Adulto,28300,28300,29715,Activo
FIVE-00235,PURINA PROPLAN,Gato,Proplan,Alimentos,PRO PLAN URINARY CAT,3KG,Todas las edades,22100,23500,24675,Activo
FIVE-00236,PURINA PROPLAN,Perro,Pro Plan,Alimentos,PRO PLAN ADULT SMALL BREED,3KG,Adulto,17500,18500,19425,Activo
FIVE-00237,PURINA PROPLAN,Perro,Pro Plan,Alimentos,PRO PLAN EXIGENT SMALL BREED,3KG,Todas las edades,18500,19500,20475,Activo
FIVE-00238,PURINA PROPLAN,Perro,Pro Plan,Alimentos,PRO PLAN PUPPY SMALL BREED,3KG,Cachorro / Gatito,18500,19500,20475,Activo
FIVE-00239,PURINA PROPLAN,Perro,Pro Plan,Alimentos,PRO PLAN PUPPY SMALL BREED,1KG,Cachorro / Gatito,7000,7500,7875,Activo
FIVE-00240,PURINA PROPLAN,Gato,Pro Plan,Alimentos,PRO PLAN ADULT CAT,3KG,Adulto,20500,21500,22575,Activo
FIVE-00241,PURINA PROPLAN,Gato,Pro Plan,Alimentos,PRO PLAN ADULT CAT 7+,3KG,Senior (+7 años),22500,23500,24675,Activo
FIVE-00242,PURINA PROPLAN,Gato,Pro Plan,Alimentos,PRO PLAN STERILIZED CAT,3KG,Todas las edades,22500,23500,24675,Activo
FIVE-00243,PURINA PROPLAN,Gato,Pro Plan,Alimentos,PRO PLAN URINARY CAT,1KG,Todas las edades,9000,9500,9975,Activo
FIVE-00244,PURINA PROPLAN,Gato,Pro Plan,Alimentos,PRO PLAN ADULT CAT LIVE CLEAR,3KG,Adulto,27000,28500,29925,Activo
FIVE-00245,PURINA PROPLAN,Perro,Pro Plan,Alimentos,PRO PLAN VETERINARYDIETS CNNE HAXL,2KG,Todas las edades,18500,19500,20475,Activo
FIVE-00246,PURINA PROPLAN,Perro,Pro Plan,Alimentos,PRO PLAN VETERINARYDIETS CNNE HAXL,"7,5KG",Todas las edades,43500,47500,49875,Activo
FIVE-00247,PURINA PROPLAN,Perro,Pro Plan,Alimentos,PPVD NF FUNCION RENAL CNNE,2KG,Todas las edades,18500,19500,20475,Activo
FIVE-00248,PURINA PROPLAN,Perro,Pro Plan,Alimentos,PPVD EN GASTROINTESTINAL FNL,"1,5KG",Todas las edades,17500,18000,18900,Activo
FIVE-00249,PURINA PROPLAN,Perro,Pro Plan,Alimentos,PPVD EN GASTROINTESTINAL CNNE,2KG,Todas las edades,18500,19500,20475,Activo
FIVE-00250,PURINA PROPLAN,Perro,Pro Plan,Alimentos,PPVD CANINE EN CNNE 380G N8 US,3KG,Todas las edades,3500,3500,3675,Activo
FIVE-00251,PURINA PROPLAN,Perro,Pro Plan,Alimentos,"PPVD CRITICAL NUTRITION 5,5OZ N1 US",3KG,Todas las edades,3500,3500,3675,Activo
FIVE-00252,DRAG PHARMA,Perro,Fit Fórmula,Alimentos,FIT FÓRMULA CACHORRO,10KG,Cachorro / Gatito,18700,19800,20790,Activo
FIVE-00253,DRAG PHARMA,Perro,Fit Fórmula,Alimentos,FIT FÓRMULA CACHORRO,20KG,Cachorro / Gatito,32000,35000,36750,Activo
FIVE-00254,DRAG PHARMA,Perro,Fit Fórmula,Alimentos,FIT FÓRMULA CACHORRO,3KG,Cachorro / Gatito,9500,9500,9975,Activo
FIVE-00255,DRAG PHARMA,Perro,Fit Fórmula,Alimentos,FIT FÓRMULA ADULTO,20KG,Adulto,31500,32000,33600,Activo
FIVE-00256,DRAG PHARMA,Perro,Fit Fórmula,Alimentos,FIT FÓRMULA ADULTO RAZA PEQUEÑA,10KG,Adulto,18700,18700,19635,Activo
FIVE-00257,DRAG PHARMA,Perro,Fit Fórmula,Alimentos,FIT FÓRMULA ADULTO RAZA PEQUEÑA,3KG,Adulto,9000,9000,9450,Activo
FIVE-00258,DRAG PHARMA,Perro,Fit Fórmula,Alimentos,FIT FÓRMULA SENIOR,20KG,Senior (+7 años),38500,38500,40425,Activo
FIVE-00259,DRAG PHARMA,Perro,Fit Fórmula,Alimentos,FIT FÓRMULA SENIOR RAZA PEQUEÑA,10KG,Senior (+7 años),22000,23000,24150,Activo
FIVE-00260,DRAG PHARMA,Perro,Fit Fórmula,Alimentos,FIT FÓRMULA SENIOR RAZA PEQUEÑA,3KG,Senior (+7 años),10000,10000,10500,Activo
FIVE-00261,DRAG PHARMA,Perro,Fit Fórmula,Alimentos,FIT LIGHT RAZA PEQUEÑA,10KG,Todas las edades,22000,22000,23100,Activo
FIVE-00262,DRAG PHARMA,Perro,Fit Fórmula,Alimentos,FIT LIGHT,20KG,Todas las edades,37500,37500,39375,Activo
FIVE-00263,DRAG PHARMA,Gato,Fit Fórmula,Alimentos,FIT FÓRMULA GATO,10KG,Todas las edades,21800,22900,24045,Activo
FIVE-00264,DRAG PHARMA,Gato,Fit Fórmula,Alimentos,FIT FÓRMULA GATITO,10KG,Cachorro / Gatito,0,26500,27825,Activo
FIVE-00265,DRAG PHARMA,Gato,Fit Fórmula,Alimentos,FIT FÓRMULA GATO,2KG,Todas las edades,6900,6900,7245,Activo
FIVE-00266,DRAG PHARMA,Perro,Superpet,Alimentos,SUPERPET ADULTO,18KG,Adulto,20500,20900,21945,Activo
FIVE-00267,DRAG PHARMA,Perro,Superpet,Alimentos,SUPERPET CACHORRO,18KG,Cachorro / Gatito,22500,22800,23940,Activo
FIVE-00268,DRAG PHARMA,Gato,Superpet,Alimentos,SUPERPET GATO,10KG,Todas las edades,0,16500,17325,Activo
FIVE-00269,FRAGUS,Perro,Appetit,Alimentos,APPETIT PERRO ADULTO PREMIUM,20KG,Adulto,25500,25500,26775,Activo
FIVE-00270,FRAGUS,Perro,Appetit,Alimentos,APPETIT PERRO CACHORRO PREMIUM,15KG,Cachorro / Gatito,20500,20500,21525,Activo
FIVE-00271,FRAGUS,Perro,Appetit,Alimentos,APPETIT PERRO SENIOR PREMIUM,15KG,Senior (+7 años),20500,20500,21525,Activo
FIVE-00272,FRAGUS,Perro,Appetit,Alimentos,APPETIT PERRO RAZAS PEQUEÑAS PREMIUM,8KG,Todas las edades,15500,15500,16275,Activo
FIVE-00273,FRAGUS,Perro,Appetit,Alimentos,APPETIT PERRO RAZAS PEQUEÑAS PREMIUM,3KG,Todas las edades,7000,7000,7350,Activo
FIVE-00274,FRAGUS,Gato,Appetit,Alimentos,APPETIT GATO TODAS LAS EDADES PREMIUM,10KG,Todas las edades,19800,19800,20790,Activo
FIVE-00275,FRAGUS,Gato,Appetit,Alimentos,APPETIT GATO TODAS LAS EDADES PREMIUM,3KG,Todas las edades,7500,7500,7875,Activo
FIVE-00276,ALLENDES,Gato,Felinnes,Alimentos,ADULTO,20KG,Adulto,34500,34500,36225,Activo
FIVE-00277,ALLENDES,Gato,Felinnes,Alimentos,GATITO,20KG,Cachorro / Gatito,34500,34500,36225,Activo
FIVE-00278,ALLENDES,Perro,Pedigree,Alimentos,ADULTO,21KG,Adulto,35000,38000,39900,Activo
FIVE-00279,ALLENDES,Perro,Pedigree,Alimentos,SENIOR,21KG,Senior (+7 años),38000,38000,39900,Activo
FIVE-00280,ALLENDES,Perro,Pedigree,Alimentos,RAZAS PEQUEÑAS,21KG,Todas las edades,38000,40000,42000,Activo
FIVE-00281,ALLENDES,Perro,Pedigree,Alimentos,CACHORRO,21KG,Cachorro / Gatito,38000,40000,42000,Activo
FIVE-00282,ALLENDES,Gato,Whiskas,Alimentos,ADULTO PESCADO,10KG,Adulto,23500,1,1,Activo
FIVE-00283,ALLENDES,Gato,Whiskas,Alimentos,ADULTO CARNE,10KG,Adulto,23500,23500,24675,Activo
FIVE-00284,ALLENDES,Gato,Whiskas,Alimentos,GATITO,10KG,Cachorro / Gatito,23500,23500,24675,Activo
FIVE-00285,FREE GO,Perro,Free Go,Alimentos,FREE GO ADULTO Y CACHORRO,10KG,Cachorro / Gatito,21500,21500,22575,Activo
FIVE-00286,FREE GO,Perro,Free Go,Alimentos,OPTIMUS,15KG,Todas las edades,25000,25000,26250,Activo
FIVE-00287,PUNTA DE CORTES,Perro,Bokato,Alimentos,ADULTO TRADICIONAL,20KG,Adulto,40000,40000,42000,Activo
FIVE-00288,PUNTA DE CORTES,Perro,Bokato,Alimentos,CACHORRO BOKATO,10KG,Cachorro / Gatito,23000,23000,24150,Activo
FIVE-00289,PUNTA DE CORTES,Perro,Bokato,Alimentos,GOLD,20KG,Todas las edades,42000,42000,44100,Activo
FIVE-00290,PUNTA DE CORTES,Perro,Bokato,Alimentos,PETTIT,10KG,Todas las edades,26000,26000,27300,Activo
FIVE-00291,PUNTA DE CORTES,Perro,Bokato,Alimentos,LADY,10KG,Todas las edades,26000,26000,27300,Activo
FIVE-00292,PUNTA DE CORTES,Perro,Bokato,Alimentos,VELOZ,20KG,Todas las edades,45000,45000,47250,Activo
FIVE-00293,AGROVET,Gato,N&D,Alimentos,N&D CALABAZA GATO AD CASTRADO POLLO,"1,5KG",Adulto,18000,19700,20685,Activo
FIVE-00294,AGROVET,Gato,N&D,Alimentos,N&D CALABAZA GATO AD CASTRADO POLLO,"7,5KG",Adulto,52000,54500,57225,Activo
FIVE-00295,AGROVET,Gato,N&D,Alimentos,N&D CALABAZA GATO AD POLLO,"7,5KG",Adulto,52000,54500,57225,Activo
FIVE-00296,AGROVET,Gato,N&D,Alimentos,N&D CALABAZA GATO ADT PATO,"1,5KG",Todas las edades,18000,19000,19950,Activo
FIVE-00297,AGROVET,Gato,N&D,Alimentos,N&D CALABAZA GATO ADT SALMON,"1,5KG",Todas las edades,18000,19000,19950,Activo
FIVE-00298,AGROVET,Gato,N&D,Alimentos,N&D ESPIRULINA GATO ADT TILAPIA,"1,5KG",Todas las edades,19000,20000,21000,Activo
FIVE-00299,AGROVET,Gato,N&D,Alimentos,N&D ESPIRULINA GATO ADT TILAPIA,7KG,Todas las edades,52000,54500,57225,Activo
FIVE-00300,AGROVET,Gato,N&D,Alimentos,N&D ESPIRULINA GATO CASTRADO CERDO,"1,5KG",Todas las edades,19000,20000,21000,Activo
FIVE-00301,AGROVET,Gato,N&D,Alimentos,N&D ESPIRULINA GATO CASTRADO CERDO,7KG,Todas las edades,52000,54500,57225,Activo
FIVE-00302,AGROVET,Gato,N&D,Alimentos,N&D OCEAN GATO ADT CASTRADO SALMON,"1,5KG",Todas las edades,18000,19000,19950,Activo
FIVE-00303,AGROVET,Gato,N&D,Alimentos,N&D OCEAN GATO ADT CASTRADO SALMON,"7,5KG",Todas las edades,52000,54500,57225,Activo
FIVE-00304,AGROVET,Gato,N&D,Alimentos,N&D OCEAN GATO ATUN Y SALMON 70G 6UN=CJ,1.5KG,Todas las edades,1770,1950,2048,Activo
FIVE-00305,AGROVET,Gato,N&D,Alimentos,N&D PRIME GATITO POLLO,"1,5KG",Cachorro / Gatito,18000,19000,19950,Activo
FIVE-00306,AGROVET,Gato,N&D,Alimentos,N&D PRIME GATO ADT CASTRADO POLLO,"1,5KG",Todas las edades,18000,19000,19950,Activo
FIVE-00307,AGROVET,Gato,N&D,Alimentos,N&D PRIME GATO ADT CASTRADO POLLO,"7,5KG",Todas las edades,52000,54500,57225,Activo
FIVE-00308,AGROVET,Gato,N&D,Alimentos,N&D PRIME GATO ADT POLLO,"1,5KG",Todas las edades,18000,19000,19950,Activo
FIVE-00309,AGROVET,Gato,N&D,Alimentos,N&D PRIME GATO ADT POLLO,"7,5KG",Todas las edades,52000,54500,57225,Activo
FIVE-00310,AGROVET,Perro,N&D,Alimentos,N&D PRIME PERRO ADT PEQ POLLO,"10,1KG",Todas las edades,59000,62000,65100,Activo
FIVE-00311,AGROVET,Perro,N&D,Alimentos,N&D TROPICAL PERRO ADT MED CERDO,12KG,Todas las edades,47500,52000,54600,Activo
FIVE-00312,AGROVET,Perro,N&D,Alimentos,N&D TROPICAL PERRO ADT MED POLLO,"10,1KG",Todas las edades,47500,52000,54600,Activo
FIVE-00313,AGROVET,Perro,N&D,Alimentos,N&D TROPICAL PERRO ADT MED POLLO,12KG,Todas las edades,47500,52000,54600,Activo
FIVE-00314,AGROVET,Perro,N&D,Alimentos,N&D TROPICAL PERRO ADT PEQ SALMON,"2,5KG",Todas las edades,16500,18000,18900,Activo
FIVE-00315,AGROVET,Gato,Farmina,Alimentos,ND GATO JABALI Y MANZANA 70G 6UN=CJ,1.5KG,Todas las edades,1770,1950,2048,Activo
FIVE-00316,AGROVET,Gato,Farmina,Alimentos,ND GATO POLLO Y GRANADA 70G 6UN=CJ,1.5KG,Todas las edades,1770,1950,2048,Activo
FIVE-00317,ARENAS,Gato,Stay Happy,Higiene,Arena Sanitaria STAY HAPPY CAFÉÉ,2 KG,Todas las edades,1750,1750,1838,Activo
FIVE-00318,ARENAS,Gato,Stay Happy,Higiene,Arena Sanitaria STAY HAPPY LAVANDA,2 KG,Todas las edades,1750,1750,1838,Activo
FIVE-00319,ARENAS,Gato,Stay Happy,Higiene,Arena Sanitaria STAY HAPPY VARIEDADES,4 KG,Todas las edades,3500,3500,3675,Activo
FIVE-00320,ARENAS,Gato,Stay Happy,Higiene,Arena Sanitaria STAY HAPPY VARIEDADES,5 KG,Todas las edades,4500,4500,4725,Activo
FIVE-00321,ARENAS,Gato,Stay Happy,Higiene,Arena Sanitaria STAY HAPPY CAFÉÉ,10 KG,Todas las edades,8000,8000,8400,Activo
FIVE-00322,ARENAS,Gato,Stay Happy,Higiene,Arena Sanitaria STAY HAPPY LAVANDA,10 KG,Todas las edades,8000,8000,8400,Activo
FIVE-00323,ARENAS,Gato,Stay Happy,Higiene,Arena Sanitaria STAY HAPPY CAFÉÉ,20 KG,Todas las edades,15000,2025,2126,Activo
FIVE-00324,ARENAS,Gato,Stay Happy,Higiene,Arena Sanitaria STAY HAPPY LAVANDA,20 KG,Todas las edades,15000,2025,2126,Activo
FIVE-00325,ARENAS,Gato,Happy,Higiene,Arena Sanitaria HAPPY CARBÓN,10 KG,Todas las edades,10000,10000,10500,Activo
FIVE-00326,ARENAS,Gato,Easy Clean,Higiene,Arena Sanitaria EASY CLEAN CAFÉÉ,20 KG,Todas las edades,11000,11000,11550,Activo
FIVE-00327,ARENAS,Gato,Easy Clean,Higiene,Arena Sanitaria EASY CLEAN LAVANDA,20 KG,Todas las edades,11000,11000,11550,Activo
FIVE-00328,ARENAS,Gato,Easy Clean,Higiene,Arena Sanitaria EASY CLEAN LAVANDA,2 KG,Todas las edades,1800,1800,1890,Activo
FIVE-00329,ARENAS,Gato,Easy Clean,Higiene,Arena Sanitaria EASY CLEAN VARIEDADES,4 KG,Todas las edades,3500,3500,3675,Activo
FIVE-00330,ARENAS,Gato,Easy Clean,Higiene,Arena Sanitaria EASY CLEAN VARIEDADES,8 KG,Todas las edades,6500,6500,6825,Activo
FIVE-00331,ARENAS,Gato,Chilean,Higiene,Arena Sanitaria CHILEAN LAVANDA,20 KG,Todas las edades,11000,11000,11550,Activo
FIVE-00332,ARENAS,Gato,Toi Moi,Higiene,Arena Sanitaria TOI MOI BEBE,10 KG,Todas las edades,6500,6500,6825,Activo
FIVE-00333,ARENAS,Gato,Toi Moi,Higiene,Arena Sanitaria TOI MOI LAVANDA,10 KG,Todas las edades,6500,6500,6825,Activo
FIVE-00334,ARENAS,Gato,Felicity,Higiene,Arena Sanitaria FELICITY SIN AROMA,8.6 KG,Todas las edades,5500,5500,5775,Activo
FIVE-00335,ARENAS,Gato,Maxi Cat,Higiene,Arena Sanitaria MAXI CAT CAFÉÉ,2 KG,Todas las edades,0,1400,1470,Activo
FIVE-00336,ARENAS,Gato,Maxi Cat,Higiene,Arena Sanitaria MAXI CAT LAVANDA,2 KG,Todas las edades,0,1400,1470,Activo
FIVE-00337,ARENAS,Gato,Maxi Cat,Higiene,Arena Sanitaria MAXI CAT LAVANDA,8 KG,Todas las edades,0,4500,4725,Activo
FIVE-00338,ARENAS,Gato,Maxi Cat,Higiene,Arena Sanitaria MAXI CAT VARIEDAD,10 KG,Todas las edades,6750,6750,7088,Activo
FIVE-00339,ARENAS,Gato,Maxi Cat,Higiene,Arena Sanitaria MAXI CAT CAFÉÉ,20 KG,Todas las edades,11000,11000,11550,Activo
FIVE-00340,ARENAS,Gato,Maxi Cat,Higiene,Arena Sanitaria MAXI CAT LAVANDA,20 KG,Todas las edades,11000,11000,11550,Activo
FIVE-00341,ARENAS,Gato,Fit,Higiene,Arena Sanitaria FIT LAVANDA,2 KG,Todas las edades,2200,2200,2310,Activo
FIVE-00342,ARENAS,Gato,Fit,Higiene,Arena Sanitaria FIT BEBE,2 KG,Todas las edades,2200,2200,2310,Activo
FIVE-00343,ARENAS,Gato,Fit,Higiene,Arena Sanitaria FIT MOCCA,2 KG,Todas las edades,2200,2200,2310,Activo
FIVE-00344,ARENAS,Gato,Fit,Higiene,Arena Sanitaria FIT LAVANDA,4 KG,Todas las edades,4000,4000,4200,Activo
FIVE-00345,ARENAS,Gato,Fit,Higiene,Arena Sanitaria FIT BEBE,4 KG,Todas las edades,4000,4000,4200,Activo
FIVE-00346,ARENAS,Gato,Fit,Higiene,Arena Sanitaria FIT MOCCA,4 KG,Todas las edades,4000,4000,4200,Activo
FIVE-00347,ARENAS,Gato,Fit,Higiene,Arena Sanitaria FIT LAVANDA,10 KG,Todas las edades,11000,11000,11550,Activo
FIVE-00348,ARENAS,Gato,Fit,Higiene,Arena Sanitaria FIT BEBE,10 KG,Todas las edades,11000,11000,11550,Activo
FIVE-00349,ARENAS,Gato,Fit,Higiene,Arena Sanitaria FIT MOCCA,10 KG,Todas las edades,11000,11000,11550,Activo
FIVE-00350,ARENAS,Gato,Fit,Higiene,Arena Sanitaria FIT CARBÓN,10 KG,Todas las edades,14000,14000,14700,Activo
FIVE-00351,ARENAS,Gato,Catmania,Higiene,Arena Sanitaria CATMANIA LAVANDA,8.5 KG,Todas las edades,5650,5650,5932,Activo
FIVE-00352,ARENAS,Gato,Catmania,Higiene,Arena Sanitaria CATMANIA CARBÓN,8.5 KG,Todas las edades,5650,5650,5932,Activo
FIVE-00353,ARENAS,Gato,Michi Love,Higiene,Arena Sanitaria MICHI LOVE LAVANDA,10 KG,Todas las edades,5200,5200,5460,Activo
FIVE-00354,ARENAS,Gato,Michi Love,Higiene,Arena Sanitaria MICHI LOVE LAVANDA,20 KG,Todas las edades,10000,10000,10500,Activo
FIVE-00355,ARENAS,Gato,Easy Clean,Higiene,Arena Sanitaria EASY CLEAN TOFU VARIEDAD,2K-6LT,Todas las edades,2900,3700,3885,Activo
FIVE-00356,ARENAS,Gato,Easy Clean,Higiene,Arena Sanitaria EASY CLEAN CAFÉÉ,20 KG,Todas las edades,12000,12000,12600,Activo
FIVE-00357,ARENAS,Gato,Easy Clean,Higiene,Arena Sanitaria EASY CLEAN LAVANDA - BEBE,20 KG,Todas las edades,12000,12000,12600,Activo
FIVE-00358,ARENAS,Gato,Easy Clean,Higiene,Arena Sanitaria EASY CLEAN LAVANDA,2 KG,Todas las edades,1800,1800,1890,Activo
FIVE-00359,ARENAS,Gato,Easy Clean,Higiene,Arena Sanitaria EASY CLEAN CAFÉÉ,4 KG,Todas las edades,3500,3500,3675,Activo
FIVE-00360,ARENAS,Gato,Easy Clean,Higiene,Arena Sanitaria EASY CLEAN LAVANDA,8 KG,Todas las edades,6500,6500,6825,Activo
FIVE-00361,ARENAS,Gato,Easy Clean,Higiene,Arena Sanitaria EASY CLEAN CAFÉÉ,20KG,Todas las edades,16000,2,2,Activo
FIVE-00362,ARENAS,Gato,Easy Clean,Higiene,Arena Sanitaria EASY CLEAN LAVANDA,20KG,Todas las edades,16000,16000,16800,Activo
FIVE-00363,ARENAS,Gato,Easy Clean,Higiene,Arena Sanitaria EASY CLEAN SIN AROMA,20KG,Todas las edades,16000,16000,16800,Activo
FIVE-00364,ARENAS,Gato,Easy Clean,Higiene,Arena Sanitaria EASY CLEAN BEBE,20KG,Todas las edades,16000,16000,16800,Activo
FIVE-00365,ANTIPARASITARIOS,Perro / Gato,Nexgard,Farmacia,NEXGARD CAJA DE 3 UNID. 2-4KG,3 UNID,Todas las edades,11300,13000,13650,Activo
FIVE-00366,ANTIPARASITARIOS,Perro / Gato,Nexgard,Farmacia,NEXGARD CAJA DE 3 UNID. 4-10KG,3 UNID,Todas las edades,12000,14000,14700,Activo
FIVE-00367,ANTIPARASITARIOS,Perro / Gato,Nexgard,Farmacia,NEXGARD CAJA DE 3 UNID. 10-25KG,3 UNID,Todas las edades,13800,15500,16275,Activo
FIVE-00368,ANTIPARASITARIOS,Perro / Gato,Nexgard,Farmacia,NEXGARD CAJA DE 3 UNID. 25-50KG,3 UNID,Todas las edades,18000,20000,21000,Activo
FIVE-00369,ANTIPARASITARIOS,Perro / Gato,Nexgard,Farmacia,NEXGARD CAJA DE 1 UNID. 2-4KG,1 UNID,Todas las edades,4900,6000,6300,Activo
FIVE-00370,ANTIPARASITARIOS,Perro / Gato,Nexgard,Farmacia,NEXGARD CAJA DE 1 UNID. 4-10KG,1 UNID,Todas las edades,5200,7000,7350,Activo
FIVE-00371,ANTIPARASITARIOS,Perro / Gato,Nexgard,Farmacia,NEXGARD CAJA DE 1 UNID. 10-25KG,1 UNID,Todas las edades,5800,7500,7875,Activo
FIVE-00372,ANTIPARASITARIOS,Perro / Gato,Nexgard,Farmacia,NEXGARD CAJA DE 1 UNID. 25-50KG,1 UNID,Todas las edades,8500,11000,11550,Activo
FIVE-00373,ANTIPARASITARIOS,Gato,Nexgard,Farmacia,"NEXGARD COMBO GATO 2,5KG A 7,5KG","2,5KG",Todas las edades,11500,14000,14700,Activo
FIVE-00374,ANTIPARASITARIOS,Gato,Nexgard,Farmacia,"NEXGARD COMBO GATO 0,8KG A 2,5KG","0,8KG",Todas las edades,9500,12000,12600,Activo
FIVE-00375,ANTIPARASITARIOS,Perro / Gato,Nexgard,Farmacia,"NEXGARD SPECTRA 2-3,5 KG 1 COMPRIMIDO","3,5 KG",Todas las edades,6200,8000,8400,Activo
FIVE-00376,ANTIPARASITARIOS,Perro / Gato,Nexgard,Farmacia,"NEXGARD SPECTRA 3,6-7,5 KG 1 COMPRIMIDO","7,5 KG",Todas las edades,7500,9000,9450,Activo
FIVE-00377,ANTIPARASITARIOS,Perro / Gato,Nexgard,Farmacia,"NEXGARD SPECTRA 7,6-15 KG 1 COMPRIMIDO",15 KG,Todas las edades,8500,10000,10500,Activo
FIVE-00378,ANTIPARASITARIOS,Perro / Gato,Nexgard,Farmacia,"NEXGARD SPECTRA 15,1-30 KG 1 COMPRIMIDO",30 KG,Todas las edades,9300,11000,11550,Activo
FIVE-00379,ANTIPARASITARIOS,Gato,Frontline,Farmacia,"FRONTLINE PLUS GATOS 0,5ML","0,5ML",Todas las edades,5300,5300,5565,Activo
FIVE-00380,ANTIPARASITARIOS,Gato,Frontline,Farmacia,FRONTLINE SPRAY PERROS Y GATOS 250ML,250ML,Todas las edades,11900,11900,12495,Activo
FIVE-00381,ANTIPARASITARIOS,Perro / Gato,Credelio,Farmacia,"CREDELIO 56,25MG, 1 TABLETA DE 1,3KG A 2,5KG","56,25MG",Todas las edades,4500,4500,4725,Activo
FIVE-00382,ANTIPARASITARIOS,Perro / Gato,Credelio,Farmacia,"CREDELIO 225MG, 1 TABLETA DE 5,5KG A 11KG",225MG,Todas las edades,4900,4900,5145,Activo
FIVE-00383,ANTIPARASITARIOS,Perro / Gato,Credelio,Farmacia,"CREDELIO 450MG, 1 TABLETA DE 11KG A 22KG",450MG,Todas las edades,5500,5500,5775,Activo
FIVE-00384,ANTIPARASITARIOS,Perro / Gato,Credelio,Farmacia,"CREDELIO 900MG, 1 TABLETA DE 22KG A 45KG",900MG,Todas las edades,7300,7300,7665,Activo
FIVE-00385,ANTIPARASITARIOS,Perro / Gato,Simparica,Farmacia,SIMPARICA FORMATO / 5-10KG 3UND,10KG,Todas las edades,12900,12900,13545,Activo
FIVE-00386,ANTIPARASITARIOS,Perro / Gato,Simparica,Farmacia,SIMPARICA FORMATO / 10-20KG 3UND,20KG,Todas las edades,14500,14500,15225,Activo
FIVE-00387,ANTIPARASITARIOS,Perro / Gato,Simparica,Farmacia,SIMPARICA FORMATO / 20-40KG 3UND,40KG,Todas las edades,19000,19000,19950,Activo
FIVE-00388,ANTIPARASITARIOS,Perro / Gato,Simparica,Farmacia,SIMPARICA FORMATO / 40-60KG 3UND,60KG,Todas las edades,21000,21000,22050,Activo
FIVE-00389,ANTIPARASITARIOS,Perro / Gato,Revolution,Farmacia,"REVOLUTION PLUS 0,25 / 1,25KG A 2,5KG","1,25KG",Todas las edades,7600,7600,7980,Activo
FIVE-00390,ANTIPARASITARIOS,Perro / Gato,Revolution,Farmacia,"REVOLUTION PLUS 0,5 / 2,5KG A 5KG","2,5KG",Todas las edades,9000,9000,9450,Activo
FIVE-00391,ANTIPARASITARIOS,Perro / Gato,Revolution,Farmacia,REVOLUTION PLUS 1 / 5KG A 10KG,5KG,Todas las edades,12000,12000,12600,Activo
FIVE-00392,ANTIPARASITARIOS,Perro / Gato,Flovovermic,Farmacia,FLOVOVERMIC  C/U 10KG,10KG,Todas las edades,770,770,808,Activo
FIVE-00393,ANTIPARASITARIOS,Perro / Gato,Flovovermic,Farmacia,FLOVOVERMIC  CAJA 60UNIDADES,60UNID,Todas las edades,46000,46000,48300,Activo
FIVE-00394,ANTIPARASITARIOS,Perro / Gato,Mevermic,Farmacia,MEVERMIC CAJA 50UNI,UNIDAD,Todas las edades,38500,38500,40425,Activo
FIVE-00395,ANTIPARASITARIOS,Perro / Gato,Flovovermic,Farmacia,FLOVOVERMIC  C/U 30KG,30KG,Todas las edades,2700,2700,2835,Activo
FIVE-00396,ANTIPARASITARIOS,Gato,Pipeta,Farmacia,PIPETA GATO FIPRODRAG,UNIDAD,Todas las edades,3800,3800,3990,Activo
FIVE-00397,ANTIPARASITARIOS,Perro,Pipeta,Farmacia,PIPETA PERRO HASTA 10KG FIPRODRAG,10KG,Todas las edades,3000,3000,3150,Activo
FIVE-00398,ANTIPARASITARIOS,Perro,Pipeta,Farmacia,PIPETA PERRO 10KG A 20KG FIPRODRAG,10KG,Todas las edades,3700,3700,3885,Activo
FIVE-00399,ANTIPARASITARIOS,Perro,Pipeta,Farmacia,PIPETA PERRO 20KG A 40KG FIPRODRAG,20KG,Todas las edades,5500,5500,5775,Activo
FIVE-00400,ANTIPARASITARIOS,Perro,Pipeta,Farmacia,PIPETA PERRO 40KG A 60KG FIPRODRAG,40KG,Todas las edades,7500,7500,7875,Activo
FIVE-00401,ANTIPARASITARIOS,Perro / Gato,Fiprokill,Farmacia,FIPROKILL SOLUCION SPRAY 250ML,250ML,Todas las edades,13000,13000,13650,Activo
FIVE-00402,ANTIPARASITARIOS,Perro / Gato,Fiprokill,Farmacia,FIPROKILL SOLUCION SPRAY 100KG,100KG,Todas las edades,9000,9000,9450,Activo
FIVE-00403,ANTIPARASITARIOS,Perro / Gato,Fiprokill,Farmacia,FIPROKILL SOLUCION SPRAY 50KG,50KG,Todas las edades,6500,6500,6825,Activo
FIVE-00404,ANTIPARASITARIOS,Perro / Gato,Flovovermic,Farmacia,FLOVOVERMIC  C/U 10KG,10KG,Todas las edades,770,770,808,Activo
FIVE-00405,ANTIPARASITARIOS,Perro / Gato,Flovovermic,Farmacia,FLOVOVERMIC  C/U 30KG,30KG,Todas las edades,2700,2700,2835,Activo
FIVE-00406,ANTIPARASITARIOS,Gato,Pipeta,Farmacia,PIPETA GATO FIPRODRAG,UNIDAD,Todas las edades,3200,3200,3360,Activo
FIVE-00407,ANTIPARASITARIOS,Perro,Pipeta,Farmacia,PIPETA PERRO HASTA 10KG FIPRODRAG,10KG,Todas las edades,2620,2620,2751,Activo
FIVE-00408,ANTIPARASITARIOS,Perro,Pipeta,Farmacia,PIPETA PERRO 10KG A 20KG FIPRODRAG,10KG,Todas las edades,3310,3310,3476,Activo
FIVE-00409,ANTIPARASITARIOS,Perro,Pipeta,Farmacia,PIPETA PERRO 20KG A 40KG FIPRODRAG,20KG,Todas las edades,4780,4780,5019,Activo
FIVE-00410,ANTIPARASITARIOS,Perro,Pipeta,Farmacia,PIPETA PERRO 40KG A 60KG FIPRODRAG,40KG,Todas las edades,6710,6710,7046,Activo
FIVE-00411,ANTIPARASITARIOS,Perro / Gato,Fiprokill,Farmacia,FIPROKILL SOLUCION SPRAY 250ML,250ML,Todas las edades,11700,11700,12285,Activo
FIVE-00412,ANTIPARASITARIOS,Perro / Gato,Fiprokill,Farmacia,FIPROKILL SOLUCION SPRAY 100KG,100KG,Todas las edades,7800,7800,8190,Activo
FIVE-00413,ANTIPARASITARIOS,Perro / Gato,Fiprokill,Farmacia,FIPROKILL SOLUCION SPRAY 50KG,50KG,Todas las edades,5800,5800,6090,Activo
FIVE-00414,ANTIPARASITARIOS,Gato,Advantage,Farmacia,"ADVANTAGE GATO 0,4ML HASTA 4KG","0,4ML",Todas las edades,5500,6500,6825,Activo
FIVE-00415,ANTIPARASITARIOS,Gato,Advantage,Farmacia,"ADVANTAGE GATO 0,8ML HASTA 4KG - 8KG","0,8ML",Todas las edades,8500,9500,9975,Activo
FIVE-00416,ANTIPARASITARIOS,Gato,Advocate,Farmacia,"ADVOCATE GATO 0,4ML","0,4ML",Todas las edades,10000,11500,12075,Activo
FIVE-00417,ANTIPARASITARIOS,Gato,Advocate,Farmacia,"ADVOCATE GATO 0,8ML","0,8ML",Todas las edades,14700,16500,17325,Activo
FIVE-00418,ANTIPARASITARIOS,Gato,Advocate,Farmacia,ADVOCATE PERRO 1ML,1ML,Todas las edades,6000,7100,7455,Activo
FIVE-00419,ANTIPARASITARIOS,Gato,Advocate,Farmacia,"ADVOCATE PERRO 2,5ML","2,5ML",Todas las edades,7500,8500,8925,Activo
FIVE-00420,ANTIPARASITARIOS,Gato,Advocate,Farmacia,ADVOCATE PERRO 4ML,4ML,Todas las edades,9700,11000,11550,Activo
FIVE-00421,ANTIPARASITARIOS,Gato,Seresto,Farmacia,SERESTO GATO Y PERRO HASTA 8KG,8KG,Todas las edades,29700,32000,33600,Activo
FIVE-00422,ANTIPARASITARIOS,Perro,Seresto,Farmacia,SERESTO PERRO MAS 8 KG,8 KG,Todas las edades,30150,33500,35175,Activo
FIVE-00423,ANTIPARASITARIOS,Perro,Doguivet,Farmacia,DOGUIVET SENIOR,UNIDAD,Senior (+7 años),7300,7300,7665,Activo
FIVE-00424,ANTIPARASITARIOS,Perro,Doguivet,Farmacia,DOGUIVET CACHORRO,UNIDAD,Cachorro / Gatito,5500,5500,5775,Activo
FIVE-00425,ANTIPARASITARIOS,Perro,Doguivet,Farmacia,DOGUIVET ADULTO,UNIDAD,Adulto,5000,5000,5250,Activo
FIVE-00426,ANTIPARASITARIOS,Perro / Gato,Heprotec,Farmacia,HEPROTEC,UNIDAD,Todas las edades,5800,5800,6090,Activo
FIVE-00427,ANTIPARASITARIOS,Perro / Gato,Herplex,Farmacia,HERPLEX,UNIDAD,Todas las edades,7900,7900,8295,Activo
FIVE-00428,ANTIPARASITARIOS,Gato,Mamistop,Farmacia,MAMISTOP GATO 100GR,100G,Todas las edades,4500,4500,4725,Activo
FIVE-00429,ANTIPARASITARIOS,Perro,Mamistop,Farmacia,MAMISTOP PERRO 125GR,125G,Todas las edades,5900,5900,6195,Activo
FIVE-00430,ANTIPARASITARIOS,Perro,Mamistop,Farmacia,MAMISTOP PERRO 250GR,250G,Todas las edades,10000,10000,10500,Activo
FIVE-00431,ANTIPARASITARIOS,Perro,Superpet,Farmacia,SUPERPET OMEGA PERRO,UNIDAD,Todas las edades,5000,5000,5250,Activo
FIVE-00432,ANTIPARASITARIOS,Perro / Gato,Superpet,Farmacia,SUPERPET OMEGA GAT,UNIDAD,Todas las edades,4700,4700,4935,Activo
FIVE-00433,ANTIPARASITARIOS,Perro,Superpet,Farmacia,SUPERPET OMEGA PUPPY,UNIDAD,Cachorro / Gatito,4700,4700,4935,Activo
FIVE-00434,ANTIPARASITARIOS,Perro / Gato,Superpet,Farmacia,SUPERPET OMEGA SENIOR,UNIDAD,Senior (+7 años),4900,4900,5145,Activo
FIVE-00435,ANTIPARASITARIOS,Perro / Gato,Bravecto,Farmacia,"BRAVECTO 1 TABLETA    250 MG  4,5 A 10 KG.",1 TAB,Todas las edades,14800,16900,17745,Activo
FIVE-00436,ANTIPARASITARIOS,Perro / Gato,Bravecto,Farmacia,"BRAVECTO 1M                   100MG           (4,5 A 10KG) 1X1 TAB",100MG,Todas las edades,5100,6500,6825,Activo
FIVE-00437,ANTIPARASITARIOS,Perro / Gato,Bravecto,Farmacia,BRAVECTO 1 TABLETA    500 MG   10-20 KG.,1 TAB,Todas las edades,16500,18900,19845,Activo
FIVE-00438,ANTIPARASITARIOS,Perro / Gato,Bravecto,Farmacia,BRAVECTO 1M 200MG (10 A 20KG) 1X1 TAB,200MG,Todas las edades,5900,6900,7245,Activo
FIVE-00439,ANTIPARASITARIOS,Perro / Gato,Bravecto,Farmacia,BRAVECTO 1 TABLETA   1000 MG   20-40 KG.,1 TAB,Todas las edades,23300,26500,27825,Activo
FIVE-00440,ANTIPARASITARIOS,Perro / Gato,Bravecto,Farmacia,BRAVECTO 1 TABLETA   1400 MG   40-56 KG.,1 TAB,Todas las edades,25500,29000,30450,Activo
FIVE-00441,ANTIPARASITARIOS,Perro / Gato,Bravecto,Farmacia,"BRAVECTO 1 TABLETA  112,5 MG   2-4,5 KG.",1 TAB,Todas las edades,13900,16000,16800,Activo
FIVE-00442,ANTIPARASITARIOS,Gato,Advantage,Farmacia,"ADVANTAGE GATO  0,4 ML   HASTA 4  KG","0,4 ML",Todas las edades,5500,6500,6825,Activo
FIVE-00443,ANTIPARASITARIOS,Gato,Advantage,Farmacia,"ADVANTAGE GATO  0,8 ML   4 - 8  KG","0,8 ML",Todas las edades,8400,9500,9975,Activo
FIVE-00444,ANTIPARASITARIOS,Gato,Advocate,Farmacia,"ADVOCATE GATO O,4 ML",4 ML,Todas las edades,10000,11500,12075,Activo
FIVE-00445,ANTIPARASITARIOS,Gato,Advocate,Farmacia,"ADVOCATE GATO O,8 ML",8 ML,Todas las edades,14700,17000,17850,Activo
FIVE-00446,ANTIPARASITARIOS,Perro / Gato,Bravecto,Farmacia,"BRAVECTO 1M 45MG (2 A 4,5KG) 1X1 TAB",45MG,Todas las edades,4900,5900,6195,Activo
FIVE-00447,ANTIPARASITARIOS,Perro / Gato,Bravecto,Farmacia,BRAVECTO 1M 400MG (20 A 40KG) 1X1 TAB,400MG,Todas las edades,8700,10000,10500,Activo
FIVE-00448,ANTIPARASITARIOS,Gato,Bravecto,Farmacia,"BRAVECTO GATO PIPETA 112,5 MG 1,2-2,8 KG","112,5 MG",Todas las edades,23700,26900,28245,Activo
FIVE-00449,ANTIPARASITARIOS,Gato,Bravecto,Farmacia,"BRAVECTO GATO PIPETA 250 MG  2,8-6,25 KG",250 MG,Todas las edades,25500,28000,29400,Activo
FIVE-00450,ANTIPARASITARIOS,Gato,Bravecto,Farmacia,"BRAVECTO GATO PIPETA 500 MG 6,25-12,5 KG",500 MG,Todas las edades,28500,30500,32025,Activo
FIVE-00451,SNACK,Perro,Rahue,Snacks,FÉMUR VACUNO GIGANTE,UNIDAD,Todas las edades,4950,4950,5198,Activo
FIVE-00452,SNACK,Perro,Rahue,Snacks,MEDIO FÉMUR VACUNO,UNIDAD,Todas las edades,3200,3200,3360,Activo
FIVE-00453,SNACK,Perro,Rahue,Snacks,FÉMUR CERDO,UNIDAD,Todas las edades,1950,1950,2048,Activo
FIVE-00454,SNACK,Perro,Rahue,Snacks,"BULLY STICK VACUNO 12""",UNIDAD,Todas las edades,2900,2900,3045,Activo
FIVE-00455,SNACK,Perro,Rahue,Snacks,"BULLY STICK VACUNO 6""",UNIDAD,Todas las edades,1450,1450,1522,Activo
FIVE-00456,SNACK,Perro,Rahue,Snacks,"BULLY STICK 4 A 5""",UNIDAD,Todas las edades,1700,1700,1785,Activo
FIVE-00457,SNACK,Perro,Rahue,Snacks,"TRÁQUEA VACUNO 12""",UNIDAD,Todas las edades,2800,2800,2940,Activo
FIVE-00458,SNACK,Perro,Rahue,Snacks,"TRÁQUEA VACUNO 6""",UNIDAD,Todas las edades,1400,1400,1470,Activo
FIVE-00459,SNACK,Perro,Rahue,Snacks,PULMÓN CORDERO PATAGONICO 50GR,UNIDAD,Todas las edades,1500,1500,1575,Activo
FIVE-00460,SNACK,Perro,Rahue,Snacks,JERKY VACUNO STICK POTE 250GR,UNIDAD,Todas las edades,4600,4600,4830,Activo
FIVE-00461,SNACK,Perro,Rahue,Snacks,JERKY POLLO STICK POTE 250GR,UNIDAD,Todas las edades,4600,4600,4830,Activo
FIVE-00462,SNACK,Perro,Rahue,Snacks,JERKY CORDERO STICK POTE 250GR,UNIDAD,Todas las edades,4600,4600,4830,Activo
FIVE-00463,SNACK,Perro,Rahue,Snacks,JERKY RAHUE 80GR,UNIDAD,Todas las edades,2000,2000,2100,Activo
FIVE-00464,SNACK,Perro,Rahue,Snacks,JERKY CORDERO 80GR,UNIDAD,Todas las edades,2000,2000,2100,Activo
FIVE-00465,SNACK,Perro,Rahue,Snacks,JERKY POLLO 80GR,UNIDAD,Todas las edades,2000,2000,2100,Activo
FIVE-00466,SNACK,Perro,Rahue,Snacks,SNACK MIX APERITIVO 500JG,UNIDAD,Todas las edades,3500,3500,3675,Activo
FIVE-00467,SNACK,Perro,Rahue,Snacks,SNACK MIX APERITIVO 300GR,UNIDAD,Todas las edades,2600,2600,2730,Activo
FIVE-00468,SNACK,Perro,Rahue,Snacks,GARRA DE POLLO 65GR,UNIDAD,Todas las edades,1500,1500,1575,Activo
FIVE-00469,SNACK,Perro,Dog Chow,Snacks,CAJA SACHETS VARIEDADES 20 X 100GR,UNIDAD,Todas las edades,10600,10600,11130,Activo
FIVE-00470,SNACK,Gato,Felix,Snacks,CAJA SACHETS VARIEDADES 15X85GR,UNIDAD,Todas las edades,7950,7950,8348,Activo
FIVE-00471,SNACK,Gato,Felix,Snacks,CAJA SACHETS VARIEDADES 24 X 85GR,UNIDAD,Todas las edades,12720,12720,13356,Activo
FIVE-00472,SNACK,Gato,Felix,Snacks,MALETA LATA FELIX VARIEDADES 24 X 156GR,UNIDAD,Todas las edades,22800,22800,23940,Activo
FIVE-00473,SNACK,Perro,Doguito,Snacks,CAJA DOGUITO 15 X 65GR,UNIDAD,Todas las edades,14850,14850,15592,Activo
FIVE-00474,SNACK,Gato,Churu,Snacks,CHURU GATO VARIEDADES 1 X 4UNID.,UNIDAD,Todas las edades,2000,2000,2100,Activo
FIVE-00475,SNACK,Perro,Churu,Snacks,CHURU ROLLS PERRO 1 X 8UNID.,UNIDAD,Todas las edades,4000,4000,4200,Activo
FIVE-00476,SNACK,Gato,Marben,Snacks,CAT SNACK VARIEDADES GALLETAS CON CATNIP 80GR,UNIDAD,Todas las edades,950,950,998,Activo
FIVE-00477,SNACK,Gato,Marben,Snacks,CAT SNACK VARIEDADES GALLETAS RELLENAS 80GR,UNIDAD,Todas las edades,950,950,998,Activo
FIVE-00478,SNACK,Gato,Marben,Snacks,CAT SNACK CREMOSO 1 X 4UNID.,UNIDAD,Todas las edades,1200,1200,1260,Activo
FIVE-00479,SNACK,Gato,Dentalight,Snacks,OMEGA+ CRUNCHY 60GR VARIEDADES,UNIDAD,Todas las edades,950,950,998,Activo
FIVE-00480,SNACK,Gato,Stay Happy,Snacks,CAJA CREAMY CAT MIX SABORES 48UNID.,UNIDAD,Todas las edades,11500,11500,12075,Activo
FIVE-00481,SNACK,Perro,Champion,Snacks,LATA PATÉ CHAMPION CACHORRO VARIEDADES 315GR,UNIDAD,Cachorro / Gatito,1200,1200,1260,Activo
FIVE-00482,SNACK,Perro,Champion,Snacks,GALLETA 10KG CAJA,CAJA,Todas las edades,21900,21900,22995,Activo
FIVE-00483,SNACK,Perro,Fit,Snacks,FIT BROCHETA 3 SABORES 100GR,UNIDAD,Todas las edades,1950,1950,2048,Activo
FIVE-00484,SNACK,Perro,Fit,Snacks,FIT BROCHETA 3 SABORES 400GR,UNIDAD,Todas las edades,7000,7000,7350,Activo
FIVE-00485,SNACK,Perro,Fit,Snacks,FIT GALLETA POLLO 100GR,UNIDAD,Todas las edades,1950,1950,2048,Activo
FIVE-00486,SNACK,Perro,Fit,Snacks,FIT GALLETA POLLO 400GR,UNIDAD,Todas las edades,7000,7000,7350,Activo
FIVE-00487,SNACK,Perro,Fit,Snacks,FIT HUESITO CON POLLO 100GR,UNIDAD,Todas las edades,1950,1950,2048,Activo
FIVE-00488,SNACK,Perro,Fit,Snacks,FIT HUESITO CON POLLO 400GR,UNIDAD,Todas las edades,7000,7000,7350,Activo
FIVE-00489,SNACK,Perro,Fit,Snacks,FIT SNACK CAMOTE Y CORDERO 100GR,UNIDAD,Todas las edades,1950,1950,2048,Activo
FIVE-00490,SNACK,Perro,Fit,Snacks,SKINDRAG CALENDULA SHAMPOO 250ML,UNIDAD,Todas las edades,6900,6900,7245,Activo
FIVE-00491,SNACK,Perro,Fit,Snacks,SKINDRAG MATICO SHAMPOO 250ML,UNIDAD,Todas las edades,6200,6200,6510,Activo
FIVE-00492,SNACK,Perro,Fit,Snacks,SKINDRAG AVENA SHAMPOO 250ML,UNIDAD,Todas las edades,6200,6200,6510,Activo
FIVE-00493,SNACK,Perro,Fit,Snacks,SKINDRAG GREEN TEA SHAMPOO 250ML,UNIDAD,Todas las edades,6200,6200,6510,Activo
FIVE-00494,SNACK,Perro,Fit,Snacks,SKINDRAG CERAMIDA SHAMPOO 250ML,UNIDAD,Todas las edades,6200,6200,6510,Activo
FIVE-00495,SNACK,Perro,Fit,Snacks,COLONIA ANIMAL HEALTH CACHORRO,UNIDAD,Cachorro / Gatito,2500,2500,2625,Activo
FIVE-00496,SNACK,Perro,Fit,Snacks,COLONIA ANIMAL HEALTH HEMBRA,UNIDAD,Todas las edades,2500,2500,2625,Activo
FIVE-00497,SNACK,Perro,Fit,Snacks,COLONIA ANIMAL HEALTH MACHO,UNIDAD,Todas las edades,2500,2500,2625,Activo
FIVE-00498,SNACK,Perro,Fit,Snacks,CANISH BALSAMICO SHAMPOO 390ML,UNIDAD,Todas las edades,3500,3500,3675,Activo
FIVE-00499,SNACK,Perro,Fit,Snacks,CANISH ESPUMA SHAMPOO SECO 160ML,UNIDAD,Todas las edades,3500,3500,3675,Activo
FIVE-00500,SNACK,Perro,Fit,Snacks,CANISH  EXTRA BRILLO SHAMPOO 390ML,UNIDAD,Todas las edades,3500,3500,3675,Activo
FIVE-00501,SNACK,Perro,Fit,Snacks,CANISH EXTRACTO DE HIERBAS SHAMPOO 390ML,UNIDAD,Todas las edades,3500,3500,3675,Activo
FIVE-00502,SNACK,Perro,Fit,Snacks,CANISH HIPOALERGENICO SHAMPOO 390ML,UNIDAD,Todas las edades,3500,3500,3675,Activo
FIVE-00503,SNACK,Perro,Fit,Snacks,FIT SNACK CONEJO 100GR,UNIDAD,Todas las edades,1950,1950,2048,Activo
FIVE-00504,SNACK,Perro,Fit,Snacks,FIT SNACK COSTILLITAS DE CORDERO 100GR,UNIDAD,Todas las edades,1950,1950,2048,Activo
FIVE-00505,SNACK,Perro,Fit,Snacks,FIT SNACK ESPIRAL DE SALMON 100KG,UNIDAD,Todas las edades,1950,1950,2048,Activo
FIVE-00506,SNACK,Perro,Fit,Snacks,FIT SNACK SALCHICHA DE PATO 100GR,UNIDAD,Todas las edades,1950,1950,2048,Activo
FIVE-00507,SNACK,Perro,Fit,Snacks,FIT SNACK TIRITA DE POLLO DESHIDRATADO 100GR,UNIDAD,Todas las edades,1950,1950,2048,Activo
FIVE-00508,SNACK,Perro,Fit,Snacks,FIT SNACK TRUTRO POLLO DESHIDRATADO 100GR,UNIDAD,Todas las edades,1950,1950,2048,Activo
FIVE-00509,SNACK,Gato,Fit,Snacks,FIT GALLETA GATO CANGREJO 100GR,UNIDAD,Todas las edades,1600,1600,1680,Activo
FIVE-00510,SNACK,Gato,Fit,Snacks,FIT GALLETA GATO SALMON 100GR,UNIDAD,Todas las edades,1600,1600,1680,Activo
FIVE-00511,SNACK,Perro,Fit,Snacks,FIT SNACK PERRO MIX 65GR,UNIDAD,Todas las edades,1400,1400,1470,Activo
FIVE-00512,SNACK,Perro,Fit,Snacks,FIT SNACK PERRO CALUGA 65GR,UNIDAD,Todas las edades,1400,1400,1470,Activo
FIVE-00513,SNACK,Gato,Fit,Snacks,FIT SNACK GATO PESCADITOS 65GR,UNIDAD,Todas las edades,1400,1400,1470,Activo
FIVE-00514,SNACK,Gato,Fit,Snacks,FIT SNACK PURE DE ATUN,UNIDAD,Todas las edades,1400,1400,1470,Activo
FIVE-00515,SNACK,Gato,Fit,Snacks,FIT SNACK PURE DE POLLO,UNIDAD,Todas las edades,1400,1400,1470,Activo
FIVE-00516,SNACK,Gato,Fit,Snacks,FIT SNACK PURE DE SALMON,UNIDAD,Todas las edades,1400,1400,1470,Activo
FIVE-00517,SNACK,Gato,Fit,Snacks,FIT DUO ATUN-POLLO-OSTION 35GR X 2,UNIDAD,Todas las edades,1500,1500,1575,Activo
FIVE-00518,SNACK,Gato,Fit,Snacks,FIT LATA GOURMET GATOS CANGREJO PALITOS,UNIDAD,Todas las edades,1200,1200,1260,Activo
FIVE-00519,SNACK,Gato,Fit,Snacks,FIT LATA GOURMET GATOS CONEJO,UNIDAD,Todas las edades,1200,1200,1260,Activo
FIVE-00520,SNACK,Gato,Fit,Snacks,FIT LATA GOURMET GATOS VEGETALES,UNIDAD,Todas las edades,1200,1200,1260,Activo
FIVE-00521,SNACK,Gato,Fit,Snacks,FIT DUO ATUN-POLLO-SALMON 35GR X2,UNIDAD,Todas las edades,1500,1500,1575,Activo
FIVE-00522,SNACK,Gato,Fit,Snacks,FIT LATA GATO POLLO,UNIDAD,Todas las edades,1680,1680,1764,Activo
FIVE-00523,SNACK,Gato,Fit,Snacks,FIT LATA GATO PESCADO,UNIDAD,Todas las edades,1680,1680,1764,Activo
FIVE-00524,SNACK,Perro,Fit,Snacks,FIT LATA PERRO CARNE,UNIDAD,Todas las edades,1600,1600,1680,Activo
FIVE-00525,SNACK,Perro,Fit,Snacks,FIT LATA PERRO POLLO,UNIDAD,Todas las edades,1600,1600,1680,Activo
FIVE-00526,SNACK,Perro,Fit,Snacks,FIT LATA CACHORRO POLLO,UNIDAD,Cachorro / Gatito,1600,1600,1680,Activo
FIVE-00527,SNACK,Gato,Fit,Snacks,FIT LATA GOURMET GATOS CAMARON,UNIDAD,Todas las edades,1200,1200,1260,Activo
FIVE-00528,SNACK,Gato,Fit,Snacks,FIT SACHETS,UNIDAD,Todas las edades,600,600,630,Activo
FIVE-00529,SNACK,Perro,Fit,Snacks,FIT SACHETS,UNIDAD,Todas las edades,600,600,630,Activo
FIVE-00530,SNACK,Perro,Champion,Snacks,SACHET CHAMPION PERRO 24,CAJA,Todas las edades,9840,9840,10332,Activo
FIVE-00531,SNACK,Gato,Champion,Snacks,SACHET CHAMPION GATO 24,CAJA,Todas las edades,10320,10320,10836,Activo
FIVE-00532,SNACK,Perro,Champion,Snacks,LATA PERRO 24 unidades,CAJA,Todas las edades,25200,25200,26460,Activo
FIVE-00533,SNACK,Gato,Champion,Snacks,LATA GATO 24 unidades,CAJA,Todas las edades,25200,25200,26460,Activo
FIVE-00534,SNACK,Perro,Champion,Snacks,marben beef bully stick,1800 KG,Todas las edades,2000,2000,2100,Activo
FIVE-00535,SNACK,Gato,Champion,Snacks,Balde cat snack cremoso 50unid,11500 KG,Todas las edades,13000,13000,13650,Activo
FIVE-00536,SNACK,Gato,Champion,Snacks,CAJA DENTALIGHT 6UNID,CAJA,Todas las edades,6500,6500,6825,Activo
FIVE-00537,SNACK,Perro,Champion,Snacks,SACHETS TASTY FARM,UNIDAD,Todas las edades,850,850,892,Activo
FIVE-00538,HRAZ,Perro,Astro,Alimentos,ASTRO PERRO JUNIOR,14KG,Cachorro / Gatito,32700,32700,34335,Activo
FIVE-00539,HRAZ,Perro,Astro,Alimentos,ASTRO PERRO VITALITY,14KG,Todas las edades,32700,32700,34335,Activo
FIVE-00540,HRAZ,Perro,Astro,Alimentos,ASTRO PERRO SELECTION,14KG,Todas las edades,32700,32700,34335,Activo
FIVE-00541,HRAZ,Perro,Astro,Alimentos,ASTRO PERRO SMALL BREEDS,14KG,Todas las edades,32700,32700,34335,Activo
FIVE-00542,HRAZ,Perro,Astro,Alimentos,ASTRO PERRO SENIOR,14KG,Senior (+7 años),32700,32700,34335,Activo
FIVE-00543,HRAZ,Gato,Astro,Alimentos,ASTRO CAT GOURMET,14KG,Todas las edades,32700,32700,34335,Activo
FIVE-00544,HRAZ,Gato,Astro,Alimentos,ASTRO CAT GOURMET,7KG,Todas las edades,22000,22000,23100,Activo
FIVE-00545,HRAZ,Perro,Frost,Alimentos,"FROST ADULTO, MEDIANO Y GRANDE",15KG,Adulto,45000,45000,47250,Activo
FIVE-00546,HRAZ,Perro,Frost,Alimentos,"FROST ADULTO, LIGHT TODAS LAS RAZAS",15KG,Adulto,45000,45000,47250,Activo
FIVE-00547,HRAZ,Perro,Frost,Alimentos,"FROST ADULTO, MINIS Y PEQUEÑOS",15KG,Adulto,45000,45000,47250,Activo
FIVE-00548,HRAZ,Perro,Frost,Alimentos,"FROST TECNICO, TODAS LAS RAZAS",15KG,Todas las edades,49500,49500,51975,Activo
FIVE-00549,HRAZ,Perro,Frost,Alimentos,"FROST SENIOR, MEDIANO Y GRANDE",15KG,Senior (+7 años),49000,49000,51450,Activo
FIVE-00550,HRAZ,Perro,Frost,Alimentos,FROST CACHORRO MEDIANO Y GRANDE,15KG,Cachorro / Gatito,48000,48000,50400,Activo
FIVE-00551,HRAZ,Gato,Le Roy,Alimentos,"LE ROY PREMIUN, ADULTO ESTERILIZADO",10KG,Adulto,23300,23300,24465,Activo
FIVE-00552,HRAZ,Gato,Le Roy,Alimentos,"LE ROY PREMIUN, ADULTO ESTERILIZADO",1KG,Adulto,3900,3900,4095,Activo
FIVE-00553,HRAZ,Gato,Frost,Alimentos,GATO ADULTO ESTERILIZADO,"7,5KG",Adulto,32500,32500,34125,Activo
FIVE-00554,HRAZ,Gato,Frost,Alimentos,GATO ADULTO ESTERILIZADO,"1,5KG",Adulto,9800,9800,10290,Activo
FIVE-00555,HRAZ,Gato,Frost,Alimentos,GATO SENIOR ESTERILIZADO,"7,5KG",Senior (+7 años),32500,32500,34125,Activo
FIVE-00556,HRAZ,Gato,Frost,Alimentos,GATO SENIOR ESTERILIZADO,"1,5KG",Senior (+7 años),9800,9800,10290,Activo
FIVE-00557,HRAZ,Perro,Frost,Alimentos,SENSITIVE SKIN MINI SMALL,"2,5KG",Todas las edades,19500,19500,20475,Activo
FIVE-00558,HRAZ,Perro,Frost,Alimentos,PUPPY MINI SMALL,"2,5KG",Cachorro / Gatito,19500,19500,20475,Activo
FIVE-00559,HRAZ,Perro,Frost,Alimentos,SENIOR MINI SMALL,"2,5KG",Senior (+7 años),19500,19500,20475,Activo
FIVE-00560,JUGUETES,Perro / Gato,Bambú Pets,Accesorios,RAMA FIBRA DE BAMBÚÚ 31CM,UNIDAD,Todas las edades,2100,3000,3150,Activo
FIVE-00561,JUGUETES,Perro / Gato,Bambú Pets,Accesorios,"CUERNO FIBRA DE BAMBÚÚ 19,3CM",UNIDAD,Todas las edades,1650,2500,2625,Activo
FIVE-00562,JUGUETES,Perro / Gato,Bambú Pets,Accesorios,"HUESO L FIBRA DE BAMBÚU 16,4CM",UNIDAD,Todas las edades,1650,2500,2625,Activo
FIVE-00563,JUGUETES,Perro / Gato,Bambú Pets,Accesorios,PACK 3 FORMAS FIBRA DE BAMBÚÚ 6CM Y 16CM,UNIDAD,Todas las edades,2600,3500,3675,Activo
FIVE-00564,JUGUETES,Perro / Gato,Bambú Pets,Accesorios,PACK 2 FORMAS FIBRA DE BAMBÚÚ 15CM,UNIDAD,Todas las edades,2150,2500,2625,Activo
FIVE-00565,JUGUETES,Perro / Gato,Bambú Pets,Accesorios,INFINITO CON PELOTA FIBRA DE BAMBÚÚ 36CM,UNIDAD,Todas las edades,2650,3500,3675,Activo
FIVE-00566,JUGUETES,Perro / Gato,Bambú Pets,Accesorios,"PACK 2 RAMAS HUESO ( Y ) FIBRA DE BAMBÚU 24CM Y 20,5CM",UNIDAD,Todas las edades,2950,3700,3885,Activo
FIVE-00567,NUTRINGEN,Gato,Biofresh,Alimentos,"BIOFRESH SP NATURAL GATITOS HÍGADO DE POLLO, MANZANA, TE VERDE Y ARANDANO 1,5KG","1,5KG",Cachorro / Gatito,19200,20000,21000,Activo
FIVE-00568,NUTRINGEN,Gato,Biofresh,Alimentos,"BIOFRESH GATO SABOR SALMON, MANZANA, TE VERDE Y ARANDANO 1,5KG","1,5KG",Todas las edades,19200,20000,21000,Activo
FIVE-00569,NUTRINGEN,Gato,Biofresh,Alimentos,"BIOFRESH SP NATURAL GATOS ADULTOS POLLO 1,5KG","1,5KG",Adulto,19200,20000,21000,Activo
FIVE-00570,NUTRINGEN,Gato,Biofresh,Alimentos,"BIOFRESH SP NATURAL GATOS ADULTOS POLLO 7,5KG","7,5KG",Adulto,65000,70000,73500,Activo
FIVE-00571,NUTRINGEN,Gato,Biofresh,Alimentos,"BIOFRESH  SP GATOS CASTRADOS SALMON 1,5KG","1,5KG",Todas las edades,19200,20000,21000,Activo
FIVE-00572,NUTRINGEN,Gato,Biofresh,Alimentos,"BIOFRESH  SP GATOS CASTRADOS SALMON 7,5KG","7,5KG",Todas las edades,65000,70000,73500,Activo
FIVE-00573,NUTRINGEN,Gato,Biofresh,Alimentos,"BIOFRESH SP NATURAL GATO SENIOR 1,5KG","1,5KG",Senior (+7 años),19200,20000,21000,Activo
FIVE-00574,NUTRINGEN,Perro,Biofresh,Alimentos,BIOFRESH SP PERROS CACH RAZA PEQUEÑA 3KG,3KG,Todas las edades,23800,25000,26250,Activo
FIVE-00575,NUTRINGEN,Perro,Biofresh,Alimentos,"BIOFRESH SP PERROS CACH RAZA PEQUEÑA 10,1KG","10,1KG",Todas las edades,56000,62000,65100,Activo
FIVE-00576,NUTRINGEN,Perro,Biofresh,Alimentos,BIOFRESH SP PERROS CACH RAZA MEDIANA 3KG,3KG,Todas las edades,23800,25000,26250,Activo
FIVE-00577,NUTRINGEN,Perro,Biofresh,Alimentos,BIOFRESH SP PERROS ADULTOS PEQUEÑO 3KG,3KG,Adulto,23000,25000,26250,Activo
FIVE-00578,NUTRINGEN,Perro,Biofresh,Alimentos,"BIOFRESH SP PERROS ADULTOS PEQUEÑO 10,1KG","10,1KG",Adulto,54000,62000,65100,Activo
FIVE-00579,NUTRINGEN,Perro,Biofresh,Alimentos,BIOFRESH PERRO ADULTO RAZA PEQUEÑA CARNE CERDO Y PIÑA 3KG,3KG,Adulto,23000,25000,26250,Activo
FIVE-00580,NUTRINGEN,Perro,Biofresh,Alimentos,BIOFRESH SP PERROS SENIOR RAZA PEQUEÑA 3KG,3KG,Senior (+7 años),23000,25000,26250,Activo
FIVE-00581,NUTRINGEN,Perro,Biofresh,Alimentos,BIOFRESH SP PERROS SENIOR RAZA MEDIANA 3KG,3KG,Senior (+7 años),23000,25000,26250,Activo
FIVE-00582,NUTRINGEN,Perro,Biofresh,Alimentos,BIOFRESH SP PERRO ADULTO LIGHT RAZA PEQUEÑA 3KG,3KG,Adulto,23000,25000,26250,Activo
FIVE-00583,NUTRINGEN,Gato,Gerolamo,Alimentos,"GEROLAMO ALIMENTO GATO CASTRADO 2,7KG","2,7KG",Todas las edades,10000,12000,12600,Activo
FIVE-00584,NUTRINGEN,Gato,Gerolamo,Alimentos,"GEROLAMO ALIMENTO GATO SENIOR 2,7KG","2,7KG",Senior (+7 años),10000,12000,12600,Activo
FIVE-00585,NUTRINGEN,Gato,Gerolamo,Alimentos,GEROLAMO SALVATORE LOLICAT POLLO & ARANDANO 15UNID,15UNID,Todas las edades,410,600,630,Activo
FIVE-00586,NUTRINGEN,Gato,Gerolamo,Alimentos,GEROLAMO PATÉ ADULTO GATO RENAL CARDIACO,UNIDAD,Adulto,3240,3600,3780,Activo
FIVE-00587,NUTRINGEN,Gato,Gerolamo,Alimentos,GEROLAMO PATÉ ADULTO GATO URINARIO HEPTI,UNIDAD,Adulto,3240,3600,3780,Activo
FIVE-00588,NUTRINGEN,Perro,Gerolamo,Alimentos,GEROLAMO PATÉ ADULTO PERRO RENAL CARDIACO,UNIDAD,Adulto,3240,3600,3780,Activo
FIVE-00589,NUTRINGEN,Perro,Gerolamo,Alimentos,GEROLAMO PATÉ ADULTO PERRO GI LOW FAT,UNIDAD,Adulto,3240,3600,3780,Activo
FIVE-00590,MOR,Perro,Amity,Alimentos,Amity Sp Low Grain Iberian Pork Adult 4 Kg,4KG,Adulto,15500,15500,16275,Activo
FIVE-00591,MOR,Perro,Amity,Alimentos,Amity Sp Low Grain Iberian Pork Adult 14 Kg,14KG,Adulto,39000,39000,40950,Activo
FIVE-00592,MOR,Perro,Amity,Alimentos,Amity Sp Low Grain Salmon Adult 4 Kg,4KG,Adulto,16500,16500,17325,Activo
FIVE-00593,MOR,Perro,Amity,Alimentos,Amity Sp Low Grain Salmon Adult 14 Kg,14KG,Adulto,41500,41500,43575,Activo
FIVE-00594,MOR,Perro,Amity,Alimentos,Amity Sp Low Grain Chicken Adult 4 Kg,4KG,Adulto,13800,13800,14490,Activo
FIVE-00595,MOR,Perro,Amity,Alimentos,Amity Sp Low Grain Chicken Adult 14 Kg,14KG,Adulto,37900,37900,39795,Activo
FIVE-00596,MOR,Gato,Amity,Alimentos,Amity Sp Low Grain Salmon Adult Cat 2 Kg,2KG,Adulto,13800,13800,14490,Activo
FIVE-00597,MOR,Gato,Amity,Alimentos,Amity Sp Low Grain Salmon Cat Sterilized 7 Kg,7KG,Todas las edades,37500,37500,39375,Activo
FIVE-00598,MOR,Gato,Amity,Alimentos,Amity Sp Low Grain Salmon Adult Cat 7 Kg,7KG,Adulto,34700,34700,36435,Activo
FIVE-00599,MOR,Gato,Amity,Alimentos,Amity Sp Low Grain Salmon Cat Sterilized 2 Kg,2KG,Todas las edades,14400,14400,15120,Activo
FIVE-00600,MOR,Perro,Bravery,Alimentos,Bravery Herring Senior Small Breeds 2 Kg.,2KG,Senior (+7 años),15900,15900,16695,Activo
FIVE-00601,MOR,Perro,Bravery,Alimentos,Bravery Salmón Mini Adult Small Breeds 7 Kg,7KG,Adulto,38400,38400,40320,Activo
FIVE-00602,MOR,Perro,Bravery,Alimentos,Bravery Chicken Adult Large/Medium Breeds 4 Kg,4KG,Adulto,19800,19800,20790,Activo
FIVE-00603,MOR,Perro,Bravery,Alimentos,Bravery Iberian Pork Adult Large/Medium Breeds 12 Kg,12KG,Adulto,52300,52300,54915,Activo
FIVE-00604,MOR,Perro,Bravery,Alimentos,Bravery Salmón Mini Puppy Small Breeds 7 Kg,7KG,Cachorro / Gatito,41200,41200,43260,Activo
FIVE-00605,MOR,Perro,Bravery,Alimentos,Bravery Chicken Mini Puppy Small Breeds 7 Kg,7KG,Cachorro / Gatito,36800,36800,38640,Activo
FIVE-00606,MOR,Perro,Bravery,Alimentos,Bravery Herring Adult Large/Medium Breeds 12 Kg,12KG,Adulto,53500,53500,56175,Activo
FIVE-00607,MOR,Perro,Bravery,Alimentos,Bravery Salmón Adult Large/Medium Breeds 12 Kg,12KG,Adulto,53500,53500,56175,Activo
FIVE-00608,MOR,Perro,Bravery,Alimentos,Bravery Chicken Adult Large/Medium Breeds 12 Kg.,12KG,Adulto,48800,48800,51240,Activo
FIVE-00609,MOR,Perro,Bravery,Alimentos,Bravery Lamb Adult Large/Medium Breeds 12 Kg,12KG,Adulto,53500,53500,56175,Activo
FIVE-00610,MOR,Perro,Bravery,Alimentos,Bravery Salmón Mini Adult Small Breeds 2 Kg,2KG,Adulto,16800,16800,17640,Activo
FIVE-00611,MOR,Perro,Bravery,Alimentos,Bravery Lamb Mini Adult Small Breeds 7 Kg,7KG,Adulto,38000,38000,39900,Activo
FIVE-00612,MOR,Gato,Bravery,Alimentos,Bravery Salmón Adult Cat Sterilized 7 Kg.,7KG,Adulto,44000,44000,46200,Activo
FIVE-00613,MOR,Gato,Bravery,Alimentos,Bravery Chicken Adult Cat Sterilized 2 Kg.,2KG,Adulto,16500,16500,17325,Activo
FIVE-00614,MOR,Gato,Bravery,Alimentos,Bravery Salmón Adult Cat 7 Kg.,7KG,Adulto,42800,42800,44940,Activo
FIVE-00615,MOR,Gato,Bravery,Alimentos,Bravery Chicken Adult Cat 7 Kg.,7KG,Adulto,40500,40500,42525,Activo
FIVE-00616,MOR,Gato,Bravery,Alimentos,Bravery Salmón Adult Sterilized Cat 2 Kg.,2KG,Adulto,17000,17000,17850,Activo
FIVE-00617,MOR,Gato,Bravery,Alimentos,Bravery Chicken Adult Cat Sterilized 7 Kg,7KG,Adulto,42800,42800,44940,Activo
FIVE-00618,NUTRIQUE,Gato,Nutrique,Alimentos,NUTRIQUE GATO BABY CAT & KITTEN,2 KG,Cachorro / Gatito,14000,14000,14700,Activo
FIVE-00619,NUTRIQUE,Gato,Nutrique,Alimentos,NUTRIQUE GATO BABY CAT & KITTEN,7.5 KG,Cachorro / Gatito,46900,46900,49245,Activo
FIVE-00620,NUTRIQUE,Gato,Nutrique,Alimentos,NUTRIQUE GATO HEALTHY MAINTENANCE 7+,2 KG,Senior (+7 años),14000,14000,14700,Activo
FIVE-00621,NUTRIQUE,Gato,Nutrique,Alimentos,NUTRIQUE GATO HEALTHY MAINTENANCE 7+,7.5 KG,Senior (+7 años),40800,40800,42840,Activo
FIVE-00622,NUTRIQUE,Gato,Nutrique,Alimentos,NUTRIQUE GATO URINARY CARE - CAT,2 KG,Todas las edades,14000,14000,14700,Activo
FIVE-00623,NUTRIQUE,Gato,Nutrique,Alimentos,NUTRIQUE GATO URINARY CARE - CAT,7.5 KG,Todas las edades,40800,40800,42840,Activo
FIVE-00624,NUTRIQUE,Gato,Nutrique,Alimentos,NUTRIQUE GATO YOUNG ADULT CAT - HEALTHY MAINTENANCE,2 KG,Adulto,14000,14000,14700,Activo
FIVE-00625,NUTRIQUE,Gato,Nutrique,Alimentos,NUTRIQUE GATO YOUNG ADULT CAT - HEALTHY MAINTENANCE,7.5 KG,Adulto,40000,40000,42000,Activo
FIVE-00626,NUTRIQUE,Gato,Nutrique,Alimentos,NUTRIQUE GATO YOUNG ADULT CAT - STERILISED/HEALTHY WEIGHT,2 KG,Adulto,14000,14000,14700,Activo
FIVE-00627,NUTRIQUE,Gato,Nutrique,Alimentos,NUTRIQUE GATO YOUNG ADULT CAT - STERILISED/HEALTHY WEIGHT,7.5 KG,Adulto,40800,40800,42840,Activo
FIVE-00628,NUTRIQUE,Gato,Nutrique,Alimentos,NUTRIQUE PERRO HEALTHY WEIGHT,3 KG,Todas las edades,15000,15000,15750,Activo
FIVE-00629,NUTRIQUE,Gato,Nutrique,Alimentos,NUTRIQUE PERRO LARGE ADULT 6+ DOG,15 KG,Senior (+7 años),53000,53000,55650,Activo
FIVE-00630,NUTRIQUE,Gato,Nutrique,Alimentos,NUTRIQUE PERRO LARGE PUPPY,15 KG,Cachorro / Gatito,56600,56600,59430,Activo
FIVE-00631,NUTRIQUE,Gato,Nutrique,Alimentos,NUTRIQUE PERRO LARGE YOUNG ADULT DOG,3 KG,Adulto,15000,15000,15750,Activo
FIVE-00632,NUTRIQUE,Gato,Nutrique,Alimentos,NUTRIQUE PERRO LARGE YOUNG ADULT DOG,15 KG,Adulto,53200,53200,55860,Activo
FIVE-00633,NUTRIQUE,Gato,Nutrique,Alimentos,NUTRIQUE PERRO MEDIUM ADULT 7+,3 KG,Senior (+7 años),17000,17000,17850,Activo
FIVE-00634,NUTRIQUE,Gato,Nutrique,Alimentos,NUTRIQUE PERRO MEDIUM ADULT 7+ DOG,12 KG,Senior (+7 años),46400,46400,48720,Activo
FIVE-00635,NUTRIQUE,Gato,Nutrique,Alimentos,NUTRIQUE PERRO MEDIUM PUPPY,12 KG,Cachorro / Gatito,45800,45800,48090,Activo
FIVE-00636,NUTRIQUE,Gato,Nutrique,Alimentos,NUTRIQUE PERRO MEDIUM PUPPY,3 KG,Cachorro / Gatito,16000,16000,16800,Activo
FIVE-00637,NUTRIQUE,Gato,Nutrique,Alimentos,NUTRIQUE PERRO MEDIUM YOUNG ADULT DOG,12 KG,Adulto,43500,43500,45675,Activo
FIVE-00638,NUTRIQUE,Gato,Nutrique,Alimentos,NUTRIQUE PERRO MEDIUM YOUNG ADULT DOG,3 KG,Adulto,15000,15000,15750,Activo
FIVE-00639,NUTRIQUE,Gato,Nutrique,Alimentos,NUTRIQUE PERRO SKIN SENSITIVITY,15 KG,Todas las edades,56900,56900,59745,Activo
FIVE-00640,NUTRIQUE,Gato,Nutrique,Alimentos,NUTRIQUE PERRO SKIN SENSITIVITY,3 KG,Todas las edades,18000,18000,18900,Activo
FIVE-00641,NUTRIQUE,Gato,Nutrique,Alimentos,NUTRIQUE PERRO TOY & MINI ADULT 7 + DOG,3KG,Adulto,17000,17000,17850,Activo
FIVE-00642,NUTRIQUE,Gato,Nutrique,Alimentos,NUTRIQUE PERRO TOY & MINI PUPPY,3 KG,Cachorro / Gatito,16000,16000,16800,Activo
FIVE-00643,NUTRIQUE,Gato,Nutrique,Alimentos,NUTRIQUE PERRO TOY & MINI YOUNG ADULT DOG,3 KG,Adulto,16000,16000,16800,Activo
FIVE-00644,NUTRIQUE,Gato,Nutrique,Alimentos,NUTRIQUE PERRO TOY & MINI YOUNG ADULT DOG,7.5 KG,Adulto,32000,32000,33600,Activo
