id;marca_madre;submarca;canal;especie;etapa_vida;nombre;formatos;descripcion;ingredientes;analisis_garantizado;imagen_local;url_imagen_original;url_origen
"top-nutrition-top-nutrition-perros-cachorros-razas-grandes";"GEPSA Pet Foods";"Top Nutrition";"Veterinaria y Pet Shop";"perro";"cachorro";"Top Nutrition Perros Cachorros Razas Grandes";"3 kg, 7,5 kg, 15 kg";"";"Carne de pollo, arroz, gluten meal, maíz, aceite de pollo, pulpa de remolacha, saborizante natural (hidrolizado de hígado porcino y aviar), harina de pescado, levadura de cerveza, huevo en polvo (fuente de proteína H.D.*), aceite de pescado, fibras prebióticas: mananooligosacáridos (MOS), fructooligosacáridos (FOS); vitaminas, aminoácidos esenciales: DL-metionina, L-lisina; cloruro de glucosamina, sulfato de condroitina, flores de Marigold, minerales, sal, hexametafosfato de sodio, extractos vegetales naturales: Yucca schidigera , tocoferoles, lecitina, romero.";"{""Tenor mínimo de proteína bruta"":""28.0%"",""Tenor mínimo de extracto etéreo"":""15.0%"",""Tenor máximo de fibra cruda"":""4.0%"",""Tenor máximo de minerales totales"":""7.0%"",""Tenor máximo de humedad"":""10.0%"",""Tenor de calcio en Ca (mín. &#8211; máx.)"":""1.1 &#8211; 1.6%"",""Tenor de fósforo en P (mín. &#8211; máx.)"":""0.9 &#8211; 1.4%""}";"Imagenes_Alimentos/Gepsa/veterinaria_y_petshop/perros/top-nutrition/top-nutrition-perros-cachorros-razas-grandes.png";"https://gepsapetfoods.com/wp-content/uploads/2021/10/Large_puppy_tn-1.png";"https://gepsapetfoods.com/topnutrition/"
"top-nutrition-top-nutrition-perros-adultos-razas-grandes";"GEPSA Pet Foods";"Top Nutrition";"Veterinaria y Pet Shop";"perro";"adulto";"Top Nutrition Perros Adultos Razas Grandes";"3 kg, 15 kg";"";"Carne de pollo, arroz, maíz, gluten meal, pulpa de remolacha, aceite de pollo, saborizante natural (hidrolizado de hígado porcino y aviar), harina de pescado, aceite de pescado, huevo en polvo (fuente de proteína H.D.*), levadura de cerveza, fibras prebióticas: mananooligosacáridos (MOS), fructooligosacáridos (FOS); hexametafosfato de sodio, vitaminas, flores de Marigold, taurina, aminoácidos esenciales: DL-metionina, L-lisina; cloruro de glucosamina, sulfato de condroitina, minerales, sal, extractos vegetales naturales: Yucca schidigera , tocoferoles, lecitina, romero.";"{""Tenor mínimo de proteína bruta"":""26.0%"",""Tenor mínimo de extracto etéreo"":""15.0%"",""Tenor máximo de fibra cruda"":""4.5%"",""Tenor máximo de minerales totales"":""6.5%"",""Tenor máximo de humedad"":""10.0%"",""Tenor de calcio en Ca (mín. &#8211; máx.)"":""0.7 &#8211; 1.3%"",""Tenor de fósforo en P (mín. &#8211; máx.)"":""0.6 &#8211; 1.0%""}";"Imagenes_Alimentos/Gepsa/veterinaria_y_petshop/perros/top-nutrition/top-nutrition-perros-adultos-razas-grandes.png";"https://gepsapetfoods.com/wp-content/uploads/2021/10/Adult_LargeBreed_tn.png";"https://gepsapetfoods.com/topnutrition/"
"top-nutrition-top-nutrition-perros-senior-razas-medianas-y-grandes";"GEPSA Pet Foods";"Top Nutrition";"Veterinaria y Pet Shop";"perro";"senior";"Top Nutrition Perros Senior Razas Medianas y Grandes";"3 kg, 15 kg";"";"que, además de nutrir en forma balanceada a las mascotas, contribuyen a cuidar su salud ayudando a prevenir desde lo nutricional la aparición de ciertas enfermedades y colaborando con el veterinario en el manejo de las mismas. Los múltiples atributos nutricionales de TOP NUTRITION® cumplen su acción benéfica sobre la salud de las mascotas a distintos niveles del organismo de estos animales interactuando de manera equilibrada Articulaciones protegidas La acción combinada de condroitina, glucosamina, manganeso orgánico y omega 3 contribuye a proteger las articulaciones de los perros maduros de razas medianas y grandes y a mantener su movilidad normal. Alta digestibilidad Con proteínas H.D. Certified Protein by Gepsa (*), nutrientes de gran digestibilidad y elevado valor biológico que ayudan a compensar la pérdida de masa muscular en el perro maduro. (*) High Digestibility Certified Proteins by Gepsa: proteínas de alta digestibilidad certificadas por Gepsa. Salud cardiovascular El aporte de taurina y L-carnitina, junto con la reducción del sodio, ayudan a cuidar la salud del sistema cardiovascular del perro senior. Protección dental La presencia de hexametafosfato, un secuestrante del calcio de la saliva, ayuda a prevenir la formación de sarro dental y placa bacteriana, manteniendo los dientes fuertes y saludables. Perfecta digestibilidad de los ingredientes";"{""Tenor mínimo de proteína bruta"":""27.0%"",""Tenor mínimo de extracto etéreo"":""14.0%"",""Tenor máximo de fibra cruda"":""5.0%"",""Tenor máximo de minerales totales"":""9.0%"",""Tenor máximo de humedad"":""10.0%"",""Tenor de calcio en Ca (mín. &#8211; máx.)"":""0.7 &#8211; 1.3%"",""Tenor de fósforo en P (mín. &#8211; máx.)"":""0.6 &#8211; 1.0%""}";"Imagenes_Alimentos/Gepsa/veterinaria_y_petshop/perros/top-nutrition/top-nutrition-perros-senior-razas-medianas-y-grandes.png";"https://gepsapetfoods.com/wp-content/uploads/2023/01/mock-3D-Flat-bottom-SENIOR-MEDIUM-LARGE-2.png";"https://gepsapetfoods.com/topnutrition/"
"top-nutrition-top-nutrition-perros-cachorros-razas-medianas";"GEPSA Pet Foods";"Top Nutrition";"Veterinaria y Pet Shop";"perro";"cachorro";"Top Nutrition Perros Cachorros Razas Medianas";"3 kg, 7,5 kg, 15 kg";"";"Carne de pollo, arroz, gluten meal, aceite de pollo, maíz, pulpa de remolacha, saborizante natural (hidrolizado de hígado porcino y aviar), harina de pescado, levadura de cerveza, aceite de pescado, huevo en polvo (fuente de proteína H.D.*), fibras prebióticas: mananooligosacáridos (MOS), fructooligosacáridos (FOS); vitaminas, aminoácidos esenciales: DL-metionina, L-lisina, flores de Marigold, hexametafosfato de sodio, extractos vegetales naturales: Yucca schidigera , tocoferoles, lecitina, romero; minerales, sal.";"{""Tenor mínimo de proteína bruta"":""32.0%"",""Tenor mínimo de extracto etéreo"":""18.0%"",""Tenor máximo de fibra cruda"":""4.0%"",""Tenor máximo de minerales totales"":""7.0%"",""Tenor máximo de humedad"":""10.0%"",""Tenor de calcio en Ca (mín. &#8211; máx.)"":""1.0 &#8211; 1.5%"",""Tenor de fósforo en P (mín. &#8211; máx.)"":""0.8 &#8211; 1.1%""}";"Imagenes_Alimentos/Gepsa/veterinaria_y_petshop/perros/top-nutrition/top-nutrition-perros-cachorros-razas-medianas.png";"https://gepsapetfoods.com/wp-content/uploads/2021/07/Puppy_MediumBreed_tn.png";"https://gepsapetfoods.com/topnutrition/"
"top-nutrition-top-nutrition-perros-adultos-razas-medianas";"GEPSA Pet Foods";"Top Nutrition";"Veterinaria y Pet Shop";"perro";"adulto";"Top Nutrition Perros Adultos Razas Medianas";"3 kg, 7,5 kg, 15 kg";"";"Carne de pollo, arroz, maíz, gluten meal, aceite de pollo, pulpa de remolacha, saborizante natural (hidrolizado de hígado porcino y aviar), harina de pescado, levadura de cerveza, aceite de pescado, huevo en polvo (fuente de proteína H.D.*), fibras prebióticas: mananooligosacáridos (MOS), fructooligosacáridos (FOS), hexametafosfato de sodio, vitaminas, aminoácidos esenciales: DL-metionina, L-lisina; cloruro de glucosamina, sulfato de condroitina, flores de Marigold, taurina, minerales, sal, extractos vegetales naturales: Yucca schidigera , tocoferoles, lecitina, romero.";"{""Tenor mínimo de proteína bruta"":""25.0%"",""Tenor mínimo de extracto etéreo"":""15.0%"",""Tenor máximo de fibra cruda"":""4.5%"",""Tenor máximo de minerales totales"":""6.5%"",""Tenor máximo de humedad"":""10.0%"",""Tenor de calcio en Ca (mín. &#8211; máx.)"":""0.8 &#8211; 1.4%"",""Tenor de fósforo en P (mín. &#8211; máx.)"":""0.7 &#8211; 1.1%""}";"Imagenes_Alimentos/Gepsa/veterinaria_y_petshop/perros/top-nutrition/top-nutrition-perros-adultos-razas-medianas.png";"https://gepsapetfoods.com/wp-content/uploads/2021/07/Adult_mediumBreed_tn.png";"https://gepsapetfoods.com/topnutrition/"
"top-nutrition-top-nutrition-perros-cachorros-razas-pequenas";"GEPSA Pet Foods";"Top Nutrition";"Veterinaria y Pet Shop";"perro";"cachorro";"Top Nutrition Perros Cachorros Razas Pequeñas";"1 kg, 3 kg, 7,5 kg";"";"Carne de pollo, arroz, gluten meal, aceite de pollo, maíz, pulpa de remolacha, saborizante natural (hidrolizado de hígado porcino y aviar), aceite de pescado, huevo en polvo (fuente de proteína H.D.*), harina de pescado, levadura de cerveza, fibras prebióticas: mananooligosacáridos (MOS), fructooligosacáridos (FOS); vitaminas, aminoácidos esenciales: DL-metionina, L-lisina, flores de Marigold, hexametafosfato de sodio, extractos vegetales naturales: Yucca schidigera , tocoferoles, lecitina, romero; minerales, sal.";"{""Tenor mínimo de proteína bruta"":""33.0%"",""Tenor mínimo de extracto etéreo"":""21.0%"",""Tenor máximo de fibra cruda"":""3.0%"",""Tenor máximo de minerales totales"":""7.0%"",""Tenor máximo de humedad"":""10.0%"",""Tenor de calcio en Ca (mín. &#8211; máx.)"":""1.0 &#8211; 1.6%"",""Tenor de fósforo en P (mín. &#8211; máx.)"":""0.8 &#8211; 1.2%""}";"Imagenes_Alimentos/Gepsa/veterinaria_y_petshop/perros/top-nutrition/top-nutrition-perros-cachorros-razas-pequenas.png";"https://gepsapetfoods.com/wp-content/uploads/2021/10/SmallBreed_puppy_tn.png";"https://gepsapetfoods.com/topnutrition/"
"top-nutrition-top-nutrition-perros-adultos-razas-pequenas";"GEPSA Pet Foods";"Top Nutrition";"Veterinaria y Pet Shop";"perro";"adulto";"Top Nutrition Perros Adultos Razas Pequeñas";"1 kg, 3 kg, 7,5 kg";"";"Carne de pollo, arroz, maíz, aceite de pollo, gluten meal, pulpa de remolacha, saborizante natural (hidrolizado de hígado porcino y aviar), harina de pescado, levadura de cerveza, huevo en polvo (fuente de proteína H.D.*), aceite de pescado, fibras prebióticas: mananooligosacáridos (MOS), fructooligosacáridos (FOS); vitaminas, hexametafosfato de sodio, flores de Marigold, aminoácidos esenciales: DL-metionina, L-lisina; cloruro de glucosamina, sulfato de condroitina, taurina, extractos vegetales naturales: Yucca schidigera , tocoferoles, lecitina, romero; minerales, sal.";"{""Tenor mínimo de proteína bruta"":""27.0%"",""Tenor mínimo de extracto etéreo"":""17.0%"",""Tenor máximo de fibra cruda"":""4.0%"",""Tenor máximo de minerales totales"":""6.5%"",""Tenor máximo de humedad"":""10.0%"",""Tenor de calcio en Ca (mín. &#8211; máx.)"":""0.9 &#8211; 1.5%"",""Tenor de fósforo en P (mín. &#8211; máx.)"":""0.8 &#8211; 1.2%""}";"Imagenes_Alimentos/Gepsa/veterinaria_y_petshop/perros/top-nutrition/top-nutrition-perros-adultos-razas-pequenas.png";"https://gepsapetfoods.com/wp-content/uploads/2021/10/AdultSmallBreed_tn.png";"https://gepsapetfoods.com/topnutrition/"
"top-nutrition-top-nutrition-perros-senior-razas-pequenas";"GEPSA Pet Foods";"Top Nutrition";"Veterinaria y Pet Shop";"perro";"senior";"Top Nutrition Perros Senior Razas Pequeñas";"3 kg, 7,5 kg";"";"";"{""Tenor mínimo de proteína bruta"":""28.0%"",""Tenor mínimo de extracto etéreo"":""16.0%"",""Tenor máximo de fibra cruda"":""5.0%"",""Tenor máximo de minerales totales"":""9.0%"",""Tenor máximo de humedad"":""10.0%"",""Tenor de calcio en Ca (mín. &#8211; máx.)"":""0.8 &#8211; 1.4%"",""Tenor de fósforo en P (mín. &#8211; máx.)"":""0.6 &#8211; 1.1%""}";"Imagenes_Alimentos/Gepsa/veterinaria_y_petshop/perros/top-nutrition/top-nutrition-perros-senior-razas-pequenas.png";"https://gepsapetfoods.com/wp-content/uploads/2023/01/mock-3D-Flat-bottom-SENIOR-small-2.png";"https://gepsapetfoods.com/topnutrition/"
"top-nutrition-top-nutrition-perros-vet-care-piel-sensible";"GEPSA Pet Foods";"Top Nutrition";"Veterinaria y Pet Shop";"perro";"adulto";"Top Nutrition Perros Vet Care Piel Sensible";"3,0 kg, 7,5 kg, 15 kg";"";"Arroz, harina de cordero, aceite de pollo, gluten meal, proteína hidrolizada de soja, pulpa de remolacha (fuente de fibras prebióticas), suplemento de levadura hidrolizada, saborizante natural (hidrolizado de menudencias porcinas y aviar) , aceite de canola (fuente natural de omega 6), aceite de pescado (fuente natural de omega 3), levadura de cerveza seca (fuente de beta glucanos y MOS), fructooligosacáridos (FOS), mananooligosacáridos (MOS), vitaminas [A, D3, E, K, B1, B2, B6, B12, pantotenato de calcio, niacina, ácido fólico, biotina], cloruro de colina, ácido ascórbico, DL-metionina, L-lisina, extracto de flores de Marigold (fuente de luteína), tocoferoles naturales, lecitina, extracto de romero (fuente natural de polifenoles), tomate deshidratado (fuente natural de licopenos), taurina, minerales [cloruro de sodio, óxido de zinc, sulfato de cobre, óxido de manganeso, sulfato ferroso, selenito de sodio, iodato de calcio, sulfato de cobalto], minerales orgánicos: [zinc, cobre, manganeso, selenio], lecitina, BHA, galato de propilo y ácido cítrico";"{""Tenor mínimo de proteína bruta"":""22.0 %"",""Tenor mínimo de extracto etéreo"":""15.0 %"",""Tenor máximo de fibra cruda"":""4.5 %"",""Tenor máximo de minerales totales"":""8.5 %"",""Tenor máximo de humedad"":""10.0 %"",""Tenor de calcio en Ca (mín. – máx.)"":""1.5 – 2.0 %"",""Tenor de fósforo en P (mín. – máx.)"":""1.0 &#8211; 1.5 %""}";"Imagenes_Alimentos/Gepsa/veterinaria_y_petshop/perros/top-nutrition/top-nutrition-perros-vet-care-piel-sensible.png";"https://gepsapetfoods.com/wp-content/uploads/2026/01/mock-3D-Flat-bottom-SENSITIVE-SKIN_2.png";"https://gepsapetfoods.com/topnutrition/"
"top-nutrition-top-nutrition-grain-free";"GEPSA Pet Foods";"Top Nutrition";"Veterinaria y Pet Shop";"perro";"adulto";"Top Nutrition Grain Free";"3 Kg, 7,5 Kg";"";"";"{""Vitamina A"":""16.800 UI"",""Vitamina D3"":""1.500 UI"",""Vitamina E"":""500 mg"",""Vitamina C"":""200 mg"",""Vitamina K"":""0,3 mg"",""Tiamina (Vit. B1)"":""8 mg"",""Riboflavina (Vit. B2)"":""8 mg"",""Piridoxina (Vit. B6)"":""6 mg"",""Vitamina B12"":""0,09 mg"",""Acido fólico"":""3 mg"",""Acido pantoténico (Vit. B5)"":""24 mg"",""Niacina (Vit. B3)"":""120 mg"",""Biotina"":""0,20 mg""}";"Imagenes_Alimentos/Gepsa/veterinaria_y_petshop/perros/top-nutrition/top-nutrition-grain-free.png";"https://gepsapetfoods.com/wp-content/uploads/2026/05/MOCK_web_grainfree.png";"https://gepsapetfoods.com/topnutrition/"
"top-nutrition-top-nutrition-gatitos";"GEPSA Pet Foods";"Top Nutrition";"Veterinaria y Pet Shop";"gato";"cachorro";"Top Nutrition Gatitos";"2 kg, 7,5 kg";"";"Carne de pollo, arroz, maíz, aceite de pollo, gluten meal, saborizante natural (hidrolizado de hígado porcino), harina de pescado, pulpa de remolacha, aceite de pescado, huevo en polvo (fuente de proteína H.D.*), levadura de cerveza, aminoácidos esenciales: DL-metionina, L-lisina; fibras prebióticas: mananooligosacáridos (MOS), fructooligosacáridos (FOS); flores de Marigold, vitaminas, minerales, sal, taurina, hexametafosfato de sodio, extractos vegetales naturales: Yucca schidigera , tocoferoles, lecitina, romero.";"{""Tenor mínimo de proteína bruta"":""34.0 %"",""Tenor mínimo de extracto etéreo"":""22.0 %"",""Tenor máximo de fibra cruda"":""3.0 %"",""Tenor máximo de minerales totales"":""7.5 %"",""Tenor máximo de humedad"":""10.0 %"",""Tenor de calcio en Ca (mín. – máx.)"":""1.0 – 1.6 %"",""Tenor de fósforo en P (mín. – máx.)"":""0.8 &#8211; 1.2 %""}";"Imagenes_Alimentos/Gepsa/veterinaria_y_petshop/gatos/top-nutrition/top-nutrition-gatitos.png";"https://gepsapetfoods.com/wp-content/uploads/2021/11/KITTEN.png";"https://gepsapetfoods.com/topnutrition/"
"top-nutrition-top-nutrition-gatos-adultos";"GEPSA Pet Foods";"Top Nutrition";"Veterinaria y Pet Shop";"gato";"adulto";"Top Nutrition Gatos Adultos";"0,4 kg, 2,0 kg, 7,5 kg, 15 kg";"";"Carne de pollo, harina de pescado, maíz, gluten meal, arroz, aceite de pollo, saborizante natural (hidrolizado de subproductos porcinos), pulpa de remolacha, huevo en polvo (fuente de proteína H.D.*), celulosa, aceite de pescado (fuente de DHA), levadura de cerveza, vitaminas; minerales; cloruro de sodio; L-lisina; cloruro de colina; DL-metionina; hexametafosfato de sodio; taurina; prebióticos: mananooligosacáridos (MOS), fructooligosacáridos (FOS); tocoferoles naturales, extracto de romero, lecitina; Yucca schidigera ; L-carnitina; extracto de flores de Marigold; cloruro de glucosamina; sulfato de condroitina.";"{""Tenor mínimo de proteína bruta"":""32.0 %"",""Tenor mínimo de extracto etéreo"":""18.0 %"",""Tenor máximo de fibra cruda"":""3.0 %"",""Tenor máximo de minerales totales"":""7.5 %"",""Tenor máximo de humedad"":""10.0 %"",""Tenor de calcio en Ca (mín. – máx.)"":""0.9 – 1.5 %"",""Tenor de fósforo en P (mín. – máx.)"":""0.7 &#8211; 1.1 %""}";"Imagenes_Alimentos/Gepsa/veterinaria_y_petshop/gatos/top-nutrition/top-nutrition-gatos-adultos.png";"https://gepsapetfoods.com/wp-content/uploads/2021/11/ADULT_CAT.png";"https://gepsapetfoods.com/topnutrition/"
"top-nutrition-top-nutrition-gatos-senior";"GEPSA Pet Foods";"Top Nutrition";"Veterinaria y Pet Shop";"gato";"senior";"Top Nutrition Gatos Senior";"0,4 kg, 2,0 kg";"";"Carne de pollo, harina de pescado, maíz, gluten meal, arroz, aceite de pollo, saborizante natural (hidrolizado de subproductos porcinos), pulpa de remolacha, huevo en polvo (fuente de proteína H.D.*), celulosa, aceite de pescado (fuente de DHA), levadura de cerveza, vitaminas; minerales; cloruro de sodio; L-lisina; cloruro de colina; DL-metionina; hexametafosfato de sodio; taurina; prebióticos: mananooligosacáridos (MOS), fructooligosacáridos (FOS); tocoferoles naturales, extracto de romero, lecitina; Yucca schidigera ; L-carnitina; extracto de flores de Marigold; cloruro de glucosamina; sulfato de condroitina.";"{""Tenor mínimo de proteína bruta"":""34.0 %"",""Tenor mínimo de extracto etéreo"":""16.0 %"",""Tenor máximo de fibra cruda"":""3.0 %"",""Tenor máximo de minerales totales"":""8.5 %"",""Tenor máximo de humedad"":""10.0 %"",""Tenor de calcio en Ca (mín. – máx.)"":""0.8 – 1.4 %"",""Tenor de fósforo en P (mín. – máx.)"":""0.6 &#8211; 1.2 %""}";"Imagenes_Alimentos/Gepsa/veterinaria_y_petshop/gatos/top-nutrition/top-nutrition-gatos-senior.png";"https://gepsapetfoods.com/wp-content/uploads/2021/11/SENIOR_CAT.png";"https://gepsapetfoods.com/topnutrition/"
"ken-l-ration-ken-l-ration-perros-cachorros-razas-mini-y-pequenas";"GEPSA Pet Foods";"Ken-L Ration";"Veterinaria y Pet Shop";"perro";"cachorro";"Ken-l Ration Perros Cachorros Razas Mini y Pequeñas";"1,5 kg, 8 kg";"";"";"{""Proteína bruta (min)"":""31.0 %"",""Extracto etéreo (min)"":""15.0 %"",""Fibra cruda (max)"":""4.0 %"",""Minerales totales (max)"":""8.0 %"",""Humedad (max)"":""10.0 %"",""Calcio  (mín. – máx.)"":""1.1 – 1.8 %"",""Fósforo (mín. – máx.)"":""0.9 &#8211; 1.4 %""}";"Imagenes_Alimentos/Gepsa/veterinaria_y_petshop/perros/ken-l-ration/ken-l-ration-perros-cachorros-razas-mini-y-pequenas.png";"https://gepsapetfoods.com/wp-content/uploads/2026/08/landing_kenl_cachorros-pequenos.png";"https://gepsapetfoods.com/ken-l/"
"ken-l-ration-ken-l-ration-perros-adultos-razas-mini-y-pequenas";"GEPSA Pet Foods";"Ken-L Ration";"Veterinaria y Pet Shop";"perro";"adulto";"Ken-l Ration Perros Adultos Razas Mini y Pequeñas";"3 kg, 15 kg";"";"";"{""Proteína bruta (min)"":""26.0 %"",""Extracto etéreo (min)"":""14.0 %"",""Fibra cruda (max)"":""4.0 %"",""Minerales totales (max)"":""8.0 %"",""Humedad (max)"":""10.0 %"",""Calcio  (mín. – máx.)"":""1.2 – 2.0 %"",""Fósforo (mín. – máx.)"":""1.0 &#8211; 1.4 %""}";"Imagenes_Alimentos/Gepsa/veterinaria_y_petshop/perros/ken-l-ration/ken-l-ration-perros-adultos-razas-mini-y-pequenas.png";"https://gepsapetfoods.com/wp-content/uploads/2026/08/landing_kenl_adultos-pequenos.png";"https://gepsapetfoods.com/ken-l/"
"ken-l-ration-ken-l-ration-perros-cachorros-razas-medianas-y-grandes";"GEPSA Pet Foods";"Ken-L Ration";"Veterinaria y Pet Shop";"perro";"cachorro";"Ken-l Ration Perros Cachorros Razas Medianas y Grandes";"3 kg, 15 kg";"";"";"{""Proteína bruta (min)"":""30.0 %"",""Extracto etéreo (min)"":""14.0 %"",""Fibra cruda (max)"":""4.0 %"",""Minerales totales (max)"":""8.0 %"",""Humedad (max)"":""10.0 %"",""Calcio  (mín. – máx.)"":""1.1 – 1.6 %"",""Fósforo (mín. – máx.)"":""9.0 &#8211; 1.4 %""}";"Imagenes_Alimentos/Gepsa/veterinaria_y_petshop/perros/ken-l-ration/ken-l-ration-perros-cachorros-razas-medianas-y-grandes.png";"https://gepsapetfoods.com/wp-content/uploads/2026/08/landing_kenl_cachorros-medianos.png";"https://gepsapetfoods.com/ken-l/"
"ken-l-ration-ken-l-ration-perros-adultos-razas-medianas-y-grandes";"GEPSA Pet Foods";"Ken-L Ration";"Veterinaria y Pet Shop";"perro";"adulto";"Ken-l Ration Perros Adultos Razas Medianas y Grandes";"3 kg, 15 kg, 20 kg";"";"";"{""Proteína bruta (min)"":""25.0 %"",""Extracto etéreo (min)"":""13.0 %"",""Fibra cruda (max)"":""4.0 %"",""Minerales totales (max)"":""8.0 %"",""Humedad (max)"":""10.0 %"",""Calcio  (mín. – máx.)"":""1.1 – 1.8 %"",""Fósforo (mín. – máx.)"":""0.9 &#8211; 1.4 %""}";"Imagenes_Alimentos/Gepsa/veterinaria_y_petshop/perros/ken-l-ration/ken-l-ration-perros-adultos-razas-medianas-y-grandes.png";"https://gepsapetfoods.com/wp-content/uploads/2026/08/landing_kenl_adultos-medianos.png";"https://gepsapetfoods.com/ken-l/"
"ken-l-ration-ken-l-ration-perros-adultos-reduced-calorie-fit";"GEPSA Pet Foods";"Ken-L Ration";"Veterinaria y Pet Shop";"perro";"adulto";"Ken-l Ration Perros Adultos Reduced Calorie - Fit";"3 kg, 15 kg";"";"";"{""Proteína bruta (min)"":""26.0 %"",""Extracto etéreo (min)"":""6.0 a 9.0 %"",""Fibra cruda (max)"":""7.0 %"",""Minerales totales (max)"":""8.5 %"",""Humedad (max)"":""10.0 %"",""Calcio  (mín. – máx.)"":""1.1 – 1.7 %"",""Fósforo (mín. – máx.)"":""0.8 &#8211; 1.3 %""}";"Imagenes_Alimentos/Gepsa/veterinaria_y_petshop/perros/ken-l-ration/ken-l-ration-perros-adultos-reduced-calorie-fit.png";"https://gepsapetfoods.com/wp-content/uploads/2026/08/landing_kenl_adultos-fit.png";"https://gepsapetfoods.com/ken-l/"
"ken-l-ration-ken-l-ration-perros-sensitive-skin-piel-sensible";"GEPSA Pet Foods";"Ken-L Ration";"Veterinaria y Pet Shop";"perro";"adulto";"Ken-l Ration Perros Sensitive Skin/Piel Sensible";"3 kg, 15 kg";"";"";"{""Proteína bruta (min)"":""24.0 %"",""Extracto etéreo (min)"":""12.0 %"",""Fibra cruda (max)"":""5.0 %"",""Minerales totales (max)"":""8.0 %"",""Humedad (max)"":""10.0 %"",""Calcio  (mín. – máx.)"":""1.1 – 1.6 %"",""Fósforo (mín. – máx.)"":""0.9 &#8211; 1.4 %""}";"Imagenes_Alimentos/Gepsa/veterinaria_y_petshop/perros/ken-l-ration/ken-l-ration-perros-sensitive-skin-piel-sensible.png";"https://gepsapetfoods.com/wp-content/uploads/2026/08/landing_kenl_piel-sensible.png";"https://gepsapetfoods.com/ken-l/"
"ken-l-ration-ken-l-ration-peros-senior-7";"GEPSA Pet Foods";"Ken-L Ration";"Veterinaria y Pet Shop";"perro";"senior";"Ken-l Ration Peros Senior 7+";"3 Kg, 15 Kg";"";"";"{""Proteína bruta (min)"":""27.0 %"",""Extracto etéreo (min)"":""10.0 %"",""Fibra cruda (max)"":""6.0 %"",""Minerales totales (max)"":""8.0 %"",""Humedad (max)"":""10.0 %"",""Calcio  (mín. – máx.)"":""1.0 – 1.7 %"",""Fósforo (mín. – máx.)"":""0.8 &#8211; 1.3 %""}";"Imagenes_Alimentos/Gepsa/veterinaria_y_petshop/perros/ken-l-ration/ken-l-ration-peros-senior-7.png";"https://gepsapetfoods.com/wp-content/uploads/2026/08/landing_kenl_perros-senior.png";"https://gepsapetfoods.com/ken-l/"
"ken-l-ration-ken-l-ration-gatitos";"GEPSA Pet Foods";"Ken-L Ration";"Veterinaria y Pet Shop";"gato";"cachorro";"Ken-l Ration Gatitos";"1,5 kg, 8 kg";"";"";"{""Proteína bruta (min)"":""36.0 %"",""Extracto etéreo (min)"":""15.0 %"",""Fibra cruda (max)"":""4.0 %"",""Minerales totales (max)"":""8.0 %"",""Humedad (max)"":""10.0 %"",""Calcio  (mín. – máx.)"":""1.2 – 1.8 %"",""Fósforo (mín. – máx.)"":""0.8 &#8211; 1.4 %""}";"Imagenes_Alimentos/Gepsa/veterinaria_y_petshop/gatos/ken-l-ration/ken-l-ration-gatitos.png";"https://gepsapetfoods.com/wp-content/uploads/2026/08/landing_kenl_gatitos-1.png";"https://gepsapetfoods.com/ken-l/"
"ken-l-ration-ken-l-ration-gatos-adultos";"GEPSA Pet Foods";"Ken-L Ration";"Veterinaria y Pet Shop";"gato";"adulto";"Ken-l Ration Gatos Adultos";"1,5 kg, 8 kg";"";"";"{""Proteína bruta (min)"":""33.0 %"",""Extracto etéreo (min)"":""14.0 %"",""Fibra cruda (max)"":""4.0 %"",""Minerales totales (max)"":""8.5 %"",""Humedad (max)"":""10.0 %"",""Calcio  (mín. – máx.)"":""1.0 – 1.6 %"",""Fósforo (mín. – máx.)"":""0.8 &#8211; 1.2 %""}";"Imagenes_Alimentos/Gepsa/veterinaria_y_petshop/gatos/ken-l-ration/ken-l-ration-gatos-adultos.png";"https://gepsapetfoods.com/wp-content/uploads/2026/08/landing_kenl_gatos-adultos-1.png";"https://gepsapetfoods.com/ken-l/"
"ken-l-ration-ken-l-ration-gatos-adultos-urinario";"GEPSA Pet Foods";"Ken-L Ration";"Veterinaria y Pet Shop";"gato";"adulto";"Ken-l Ration Gatos Adultos Urinario";"1,5 kg, 8 kg";"";"";"{""Proteína bruta (min)"":""33.0 %"",""Extracto etéreo (min)"":""15.0 %"",""Fibra cruda (max)"":""4.0 %"",""Minerales totales (max)"":""8.0 %"",""Humedad (max)"":""10.0 %"",""Calcio  (mín. – máx.)"":""0.8 – 1.2 %"",""Fósforo (mín. – máx.)"":""0.6 &#8211; 1.0 %""}";"Imagenes_Alimentos/Gepsa/veterinaria_y_petshop/gatos/ken-l-ration/ken-l-ration-gatos-adultos-urinario.png";"https://gepsapetfoods.com/wp-content/uploads/2026/08/landind_kenl_gatos-urinario.png";"https://gepsapetfoods.com/ken-l/"
"ken-l-ration-ken-l-ration-gatos-esterilizados-indoor";"GEPSA Pet Foods";"Ken-L Ration";"Veterinaria y Pet Shop";"gato";"adulto";"Ken-l Ration Gatos Esterilizados/ Indoor";"1,5 kg, 8 kg";"";"";"{""Proteína bruta (min)"":""33.0 %"",""Extracto etéreo (min)"":""9.0 &#8211; 12.0 %"",""Fibra cruda (max)"":""6.0 %"",""Minerales totales (max)"":""8.0 %"",""Humedad (max)"":""10.0 %"",""Calcio  (mín. – máx.)"":""0.8 – 1.5 %"",""Fósforo (mín. – máx.)"":""0.8 &#8211; 1.2 %""}";"Imagenes_Alimentos/Gepsa/veterinaria_y_petshop/gatos/ken-l-ration/ken-l-ration-gatos-esterilizados-indoor.png";"https://gepsapetfoods.com/wp-content/uploads/2026/08/landing_kenl_gatos-indoor-1.png";"https://gepsapetfoods.com/ken-l/"
"exact-exact-premium-perros-cachorros";"GEPSA Pet Foods";"Exact";"Veterinaria y Pet Shop";"perro";"cachorro";"EXACT® Premium Perros Cachorros";"3 Kg, 15 Kg";"";"";"{""Tenor mínimo de proteína bruta"":""26.0 %"",""Tenor mínimo de extracto etéreo"":""13.0 %"",""Tenor máximo de fibra cruda"":""4.5 %"",""Tenor máximo de minerales totales"":""9.0 %"",""Tenor máximo de humedad"":""10 %"",""Tenor de Calcio en Ca (mín. &#8211; máx.)"":""1.1 – 1.6 %"",""Tenor de Fósforo en P (mín. &#8211; máx)"":""0.9 – 1.4 %""}";"Imagenes_Alimentos/Gepsa/veterinaria_y_petshop/perros/exact/exact-premium-perros-cachorros.png";"https://gepsapetfoods.com/wp-content/uploads/2024/03/Exact_premiumCachorro_mockup.png";"https://gepsapetfoods.com/exact/"
"exact-exact-premium-perros-adultos";"GEPSA Pet Foods";"Exact";"Veterinaria y Pet Shop";"perro";"adulto";"EXACT® Premium Perros Adultos";"3 Kg";"";"";"{""Tenor mínimo de proteína bruta"":""24.0 %"",""Tenor mínimo de extracto etéreo"":""12.0 %"",""Tenor máximo de fibra cruda"":""4.5 %"",""Tenor máximo de minerales totales"":""9.0 %"",""Tenor máximo de humedad"":""10.0 %"",""Tenor de Calcio en Ca (mín. &#8211; máx.)"":""1.1 – 1.8 %"",""Tenor de fósforo en P (mín. &#8211; máx.)"":""0.8 – 1.4 %""}";"Imagenes_Alimentos/Gepsa/veterinaria_y_petshop/perros/exact/exact-premium-perros-adultos.png";"https://gepsapetfoods.com/wp-content/uploads/2024/03/Exact_premiumAdulto_mockup.png";"https://gepsapetfoods.com/exact/"
"exact-exact-premium-gatos-adultos-urinario";"GEPSA Pet Foods";"Exact";"Veterinaria y Pet Shop";"gato";"adulto";"EXACT® Premium Gatos Adultos Urinario";"1,5 Kg, 8 Kg";"";"";"{""Tenor mínimo de proteína bruta"":""33.0 %"",""Tenor mínimo de extracto etéreo"":""12.0 %"",""Tenor máximo de fibra cruda"":""5.0 %"",""Tenor máximo de minerales totales"":""7.5 %"",""Tenor máximo de humedad"":""10.0 %"",""Tenor de calcio (mín. &#8211;  máx.)"":""1.0 – 1.6 %"",""Tenor de fósforo (mín. &#8211; máx.)"":""0.9 – 1.4 %""}";"Imagenes_Alimentos/Gepsa/veterinaria_y_petshop/gatos/exact/exact-premium-gatos-adultos-urinario.png";"https://gepsapetfoods.com/wp-content/uploads/2024/03/Exact_premiumgato_mockup.png";"https://gepsapetfoods.com/exact/"
"exact-exact-criadores-perros-cachorros";"GEPSA Pet Foods";"Exact";"Veterinaria y Pet Shop";"perro";"cachorro";"EXACT® Criadores Perros Cachorros";"15 Kg";"";"";"{""Tenor mínimo de proteína bruta"":""25.0 %"",""Tenor mínimo de extracto etéreo"":""10.0 %"",""Tenor máximo de fibra cruda"":""4.5 %"",""Tenor máximo de minerales totales"":""10.0 %"",""Tenor máximo de humedad"":""10.0 %"",""Tenor de calcio (mín. &#8211;  máx.)"":""1.1 – 1.6 %"",""Tenor de fósforo (mín. &#8211; máx.)"":""0.9 – 1.4 %""}";"Imagenes_Alimentos/Gepsa/veterinaria_y_petshop/perros/exact/exact-criadores-perros-cachorros.png";"https://gepsapetfoods.com/wp-content/uploads/2025/11/MOCK-EXACT-CRIAD-CACHORROS_WEB-1.png";"https://gepsapetfoods.com/exact/"
"exact-exact-criadores-perros-adultos";"GEPSA Pet Foods";"Exact";"Veterinaria y Pet Shop";"perro";"adulto";"EXACT® Criadores Perros Adultos";"20 Kg";"";"";"{""Tenor mínimo de proteína bruta"":""21.0 %"",""Tenor mínimo de extracto etéreo"":""8.0 %"",""Tenor máximo de fibra cruda"":""4.5 %"",""Tenor máximo de minerales totales"":""8.5 %"",""Tenor máximo de humedad"":""10.0 %"",""Tenor de calcio (mín. &#8211;  máx.)"":""1.0 – 1.6 %"",""Tenor de fósforo (mín. &#8211; máx.)"":""0.7 – 1.3 %""}";"Imagenes_Alimentos/Gepsa/veterinaria_y_petshop/perros/exact/exact-criadores-perros-adultos.png";"https://gepsapetfoods.com/wp-content/uploads/2025/11/MOCK-EXACT-CRIAD-ADULTOS_WEB.png";"https://gepsapetfoods.com/exact/"
"exact-exact-criadores-gatos-adultos";"GEPSA Pet Foods";"Exact";"Veterinaria y Pet Shop";"gato";"adulto";"EXACT® Criadores Gatos Adultos";"10 Kg";"";"de alta palatabilidad y una aceptación inmediata comprobada por gatos adultos.";"{""Tenor mínimo de proteína bruta"":""28.0 %"",""Tenor mínimo de extracto etéreo"":""10.0 %"",""Tenor máximo de fibra cruda"":""4.5 %"",""Tenor máximo de minerales totales"":""8.0 %"",""Tenor máximo de humedad"":""10.0 %"",""Tenor de calcio (mín. &#8211;  máx.)"":""0.9 – 1.3 %"",""Tenor de fósforo (mín. &#8211; máx.)"":""0.5 – 0.9 %""}";"Imagenes_Alimentos/Gepsa/veterinaria_y_petshop/gatos/exact/exact-criadores-gatos-adultos.png";"https://gepsapetfoods.com/wp-content/uploads/2025/11/MOCK-EXACT-CRIAD-GATOS_WEB.png";"https://gepsapetfoods.com/exact/"
"odwalla-odwalla-cachorros";"GEPSA Pet Foods";"Odwalla";"Canal Tradicional";"perro";"cachorro";"Odwalla Cachorros";"3 kg, 8 kg, 15 kg, 20 kg";"";"";"{""Proteína bruta (mínimo)"":""30.0 %"",""Extracto etéreo (mínimo)"":""17.0 %"",""Fibra bruta (máximo)"":""3.0 %"",""Calcio (mínimo y máximo)"":""1.3 – 2.0 %"",""Fósforo (mínimo y máximo)"":""0.8 – 1.4 %"",""Minerales totales (máximo)"":""8.0 %"",""Humedad (máximo)"":""10.0 %""}";"Imagenes_Alimentos/Gepsa/canal_tradicional/perros/odwalla/odwalla-cachorros.png";"https://gepsapetfoods.com/wp-content/uploads/2021/05/odwallacachorros.png";"https://gepsapetfoods.com/odwalla/"
"odwalla-odwalla-adultos";"GEPSA Pet Foods";"Odwalla";"Canal Tradicional";"perro";"adulto";"Odwalla Adultos";"3 kg, 8 kg, 15 kg, 20 kg";"";"";"{""Proteína bruta (mínimo)"":""24.0 %"",""Extracto etéreo (mínimo)"":""12.0 %"",""Fibra bruta (máximo)"":""4.5 %"",""Calcio (mínimo y máximo)"":""0.8 – 2.2 %"",""Fósforo (mínimo y máximo)"":""0.6 – 1.4 %"",""Minerales totales (máximo)"":""9.0 %"",""Humedad (máximo)"":""10.0 %""}";"Imagenes_Alimentos/Gepsa/canal_tradicional/perros/odwalla/odwalla-adultos.png";"https://gepsapetfoods.com/wp-content/uploads/2021/05/odwallaAdultos.png";"https://gepsapetfoods.com/odwalla/"
"9-lives-9-lives-delicias-de-salmon-y-atun";"GEPSA Pet Foods";"9-Lives";"Canal Tradicional";"gato";"adulto";"9 Lives Delicias de Salmón y Atún";"1 kg, 3 kg, 8 kg, 15 kg";"";"Harina de pescado, harina de carne de pollo, maíz, arroz, trigo, harina de carne y hueso vacuno, gluten de maíz, salvado de trigo, harina de soja, soja integral, aceite de pollo, hidrolizado de subproductos porcinos, aceite de pescado (fuente de DHA), huevo entero deshidratado, levadura de cerveza; harina de Miscanthus (fuente de celulosa); vitaminas: A, D3, E, K, B1, B2, B3, B5, B6, B9, B12, biotina; minerales: cloruro de sodio, sulfato de zinc, sulfato ferroso, sulfato cúprico, óxido de manganeso, iodato de calcio, sulfato de cobalto, selenito de sodio; acidulante: bisulfato de sodio; cloruro colina, aminoácidos esenciales: DL-metionina, taurina; prebióticos: mananooligosacáridos; minerales orgánicos: proteinato de zinc, proteinato de cobre; colorante natural: caramelo; antioxidantes: tocoferoles naturales, lecitina, extracto de romero.";"{""Proteína bruta (mínimo)"":""28.0 %"",""Extracto etéreo (mínimo)"":""9.0 %"",""Fibra bruta (máximo)"":""4.5 %"",""Minerales totales (máximo)"":""8.5 %"",""Calcio (mínimo &#8211; máximo)"":""1.0 – 1.5 %"",""Fósforo (mínimo &#8211; máximo)"":""0.8 &#8211; 1.4 %"",""Humedad (máximo)"":""10.0 %""}";"Imagenes_Alimentos/Gepsa/canal_tradicional/gatos/9-lives/9-lives-delicias-de-salmon-y-atun.png";"https://gepsapetfoods.com/wp-content/uploads/2023/12/9LIVES_SALMON_MOCK-1.png";"https://gepsapetfoods.com/9-lives/"
"9-lives-9-lives-delicias-de-carnes-seleccionadas";"GEPSA Pet Foods";"9-Lives";"Canal Tradicional";"gato";"adulto";"9 Lives Delicias de Carnes Seleccionadas";"1 kg, 3 kg, 8 kg, 15 kg";"";"Harina de carne y hueso vacuno, harina de carne de pollo, maíz, arroz, trigo, gluten de maíz, salvado de trigo, harina de soja, soja integral, aceite de pollo, hidrolizado de subproductos porcinos, aceite de pescado (fuente de DHA), huevo entero deshidratado, levadura de cerveza; harina de Miscanthus (fuente de celulosa); vitaminas: A, D3, E, K, B1, B2, B3, B5, B6, B9, B12, biotina; minerales: cloruro de sodio, sulfato de zinc, sulfato ferroso, sulfato cúprico, óxido de manganeso, iodato de calcio, sulfato de cobalto, selenito de sodio; acidulante: bisulfato de sodio; cloruro colina, aminoácidos esenciales: DL-metionina, taurina; prebióticos: mananooligosacáridos; minerales orgánicos: proteinato de zinc, proteinato de cobre; colorante natural: caramelo; antioxidantes: tocoferoles naturales, lecitina, extracto de romero.";"{""Proteína bruta (mínimo)"":""28.0 %"",""Extracto etéreo (mínimo)"":""9.0 %"",""Fibra bruta (máximo)"":""4.5 %"",""Minerales totales (máximo)"":""8.5 %"",""Calcio (mínimo – máximo)"":""1.0 – 1.5 %"",""Fósforo (mínimo – máximo)"":""0.8 – 1.4 %"",""Humedad (máximo)"":""10.0 %""}";"Imagenes_Alimentos/Gepsa/canal_tradicional/gatos/9-lives/9-lives-delicias-de-carnes-seleccionadas.png";"https://gepsapetfoods.com/wp-content/uploads/2023/12/9LIVES_CARNE_MOCK-1.png";"https://gepsapetfoods.com/9-lives/"
"9-lives-9-lives-delicias-hogarenos-indoor-esterilizados";"GEPSA Pet Foods";"9-Lives";"Canal Tradicional";"gato";"adulto";"9 Lives Delicias Hogareños/Indoor - Esterilizados";"50 g";"";"Harina de carne de pollo, gluten de maíz, harina de pescado, harina de carne y hueso vacuno, maíz, arroz, trigo, harina de soja, salvado de trigo, soja integral, aceite de pollo, hidrolizado de subproductos porcinos, aceite de pescado (fuente de DHA), levadura de cerveza, huevo entero deshidratado; fibras prebióticas: inulina; zanahoria deshidratada, espinaca deshidratada; harina de Miscanthus (fuente de celulosa); vitaminas: A, D3, E, B1, B2, B6, B12, biotina, K3, ácido fólico, ácido nicotínico, pantotenato de calcio; minerales: iodato de calcio, óxido de manganeso, sulfato de zinc, sulfato cúprico, sulfato ferroso, selenito de sodio, sulfato de cobalto; acidulante: bisulfato de sodio; cloruro de sodio, cloruro colina, aminoácidos: taurina, L-lisina, DL-metionina, L-carnitina; Yucca schidigera , minerales orgánicos: proteinato de zinc, proteinato de cobre; colorante natural: caramelo; antioxidantes: tocoferoles naturales, lecitina, extracto de romero.";"{""Proteína bruta (mínimo)"":""29.0 %"",""Extracto etéreo (mínimo)"":""8.0 %"",""Fibra bruta (máximo)"":""5.5 %"",""Minerales totales (máx.)"":""8.0 %"",""Calcio (mínimo – máximo)"":""1.0 – 1.5 %"",""Fósforo (mínimo – máximo)"":""0.8 – 1.4 %"",""Humedad (máximo)"":""10.0 %""}";"Imagenes_Alimentos/Gepsa/canal_tradicional/gatos/9-lives/9-lives-delicias-hogarenos-indoor-esterilizados.png";"https://gepsapetfoods.com/wp-content/uploads/2023/12/9LIVES_HOGARENO_MOCK-3-1.png";"https://gepsapetfoods.com/9-lives/"
"9-lives-9-lives-delicias-gatitos-carne-y-leche";"GEPSA Pet Foods";"9-Lives";"Canal Tradicional";"gato";"cachorro";"9 Lives Delicias Gatitos Carne y Leche";"1 kg, 8 kg";"";"Harina de carne y hueso vacuno, harina de carne de pollo, maíz, arroz, trigo, gluten de maíz, salvado de trigo, harina de soja, soja integral, leche en polvo, aceite de pollo, hidrolizado de subproductos porcinos, aceite de pescado (fuente de DHA), huevo entero deshidratado, levadura de cerveza; vitaminas: A, D3, E, K, B1, B2, B3, B5, B6, B9, B12, biotina; minerales: cloruro de sodio, sulfato de zinc, sulfato ferroso, sulfato cúprico, óxido de manganeso, iodato de calcio, sulfato de cobalto, selenito de sodio; acidulante: bisulfato de sodio; cloruro colina, aminoácidos esenciales: DL-metionina, taurina; prebióticos: mananooligosacáridos; minerales orgánicos: proteinato de zinc, proteinato de cobre; colorante natural: caramelo; antioxidantes: tocoferoles naturales, lecitina, extracto de romero.";"{""Proteína bruta (mínimo)"":""30.0 %"",""Extracto etéreo (mínimo)"":""11.0 %"",""Fibra bruta (máximo)"":""4.0 %"",""Minerales totales (máx.)"":""9.0 %"",""Calcio (mínimo – máximo)"":""1.2 – 1.7 %"",""Fósforo (mínimo – máximo)"":""0.8 – 1.4 %"",""Humedad (máximo)"":""10.0 %""}";"Imagenes_Alimentos/Gepsa/canal_tradicional/gatos/9-lives/9-lives-delicias-gatitos-carne-y-leche.png";"https://gepsapetfoods.com/wp-content/uploads/2023/12/9LIVES_KITTEN_MOCK-2.png";"https://gepsapetfoods.com/9-lives/"
"cari-amici-cari-amici-premium-cachorros-razas-pequenas-carne-pollo-leche-y-cereales";"GEPSA Pet Foods";"Cari Amici";"Canal Tradicional";"perro";"cachorro";"Cari Amici Premium Cachorros Razas Pequeñas - Carne, Pollo, Leche y Cereales";"1,5 kg";"";"";"{""Peso corporal estimado de adulto (kg)"":""Ración (g/día) según edad del cachorro"",""Destete hasta 6 meses"":""7 a 12 meses + 12 meses"",""2 a 5"":""80 -120 70 -110 Cari Amici® Premium Perros Adultos Razas Pequeñas-Carnes Asadas con Mix de Vegetales"",""6 a 10"":""130 &#8211; 190 120 – 180""}";"Imagenes_Alimentos/Gepsa/canal_tradicional/perros/cari-amici/cari-amici-premium-cachorros-razas-pequenas-carne-pollo-leche-y-cereales.png";"https://gepsapetfoods.com/wp-content/uploads/2026/01/CariAmici-Cachorros-Peques_WEB.png";"https://gepsapetfoods.com/cari-amici/"
"cari-amici-cari-amici-premium-perros-adultos-razas-pequenas-carnes-asadas-con-mix-de-vegetales";"GEPSA Pet Foods";"Cari Amici";"Canal Tradicional";"perro";"adulto";"Cari Amici Premium Perros Adultos Razas Pequeñas - Carnes Asadas con Mix de Vegetales";"8 kg";"";"";"{""Peso del perro (kg)"":""Ración (g/día)"",""2 – 5"":""70 – 130"",""6 – 10"":""140 – 180""}";"Imagenes_Alimentos/Gepsa/canal_tradicional/perros/cari-amici/cari-amici-premium-perros-adultos-razas-pequenas-carnes-asadas-con-mix-de-vegetales.png";"https://gepsapetfoods.com/wp-content/uploads/2026/04/CariAmici-Adultos-Peques_WEB.png";"https://gepsapetfoods.com/cari-amici/"
"cari-amici-cari-amici-premium-cachorros-razas-medianas-y-grandes-carne-pollo-leche-y-cereales";"GEPSA Pet Foods";"Cari Amici";"Canal Tradicional";"perro";"cachorro";"Cari Amici Premium Cachorros Razas Medianas y Grandes -Carne, Pollo, Leche y Cereales";"3 Kg";"";"";"{""Peso corporal estimado de adulto (kg)"":""Ración (g/día) según edad del cachorro (meses)"",""Destete hasta 6"":""7 a 12 13 a 18"",""11 a 15"":""200 &#8211; 280 190 – 270 Cari Amici® Premium Adultos Razas Medianas y Grandes &#8211; Carne, Pollo, Leche y Cereales"",""16 a 20"":""290 a 320 280 a 310"",""21 a 25"":""330 a 370 320 a 360"",""26 a 30"":""380 a 400 370 a 390"",""31 a 35"":""410 a 490 400 a 480 400 a 480"",""36 a 40"":""500 a 550 490 a 540 490 a 540"",""+ de 40"":""550 + 40 c/ 5 kg de peso corporal 540 + 40 c/ 5 kg de peso corporal 540 + 40 c/ 5 kg de peso corporal""}";"Imagenes_Alimentos/Gepsa/canal_tradicional/perros/cari-amici/cari-amici-premium-cachorros-razas-medianas-y-grandes-carne-pollo-leche-y-cereales.png";"https://gepsapetfoods.com/wp-content/uploads/2026/04/CariAmici-Cachorros_WEB.png";"https://gepsapetfoods.com/cari-amici/"
"cari-amici-cari-amici-premium-perros-adultos-razas-medianas-y-grandes-carnes-asadas-con-mix-de-vegetales";"GEPSA Pet Foods";"Cari Amici";"Canal Tradicional";"perro";"adulto";"Cari Amici Premium Perros Adultos Razas Medianas y Grandes - Carnes Asadas con Mix de Vegetales";"3 Kg";"";"";"{""Peso del perro (kg)"":""Ración (g/día)"",""11 – 15"":""180 – 240"",""16 – 20"":""250 – 290"",""21 – 25"":""295 – 335"",""26 – 30"":""345 – 380"",""31 – 35"":""390 – 420"",""36 – 40"":""430 – 450"",""+ de 40"":""450 + 30  c/ 5 kg más de peso corporal""}";"Imagenes_Alimentos/Gepsa/canal_tradicional/perros/cari-amici/cari-amici-premium-perros-adultos-razas-medianas-y-grandes-carnes-asadas-con-mix-de-vegetales.png";"https://gepsapetfoods.com/wp-content/uploads/2026/04/CariAmici-Adultos_WEB2.png";"https://gepsapetfoods.com/cari-amici/"
"cari-amici-cari-amici-premium-gatitos-carne-pollo-leche-y-huevo";"GEPSA Pet Foods";"Cari Amici";"Canal Tradicional";"gato";"cachorro";"Cari Amici Premium Gatitos - Carne, Pollo, Leche y Huevo.";"8 kg";"";"";"{""Edad"":""Ración diaria (g)"",""Destete hasta los 3 meses"":""25 a 70"",""de 3 a 6 meses"":""70 a 90"",""de 6 a 12 meses"":""90 a 75""}";"Imagenes_Alimentos/Gepsa/canal_tradicional/gatos/cari-amici/cari-amici-premium-gatitos-carne-pollo-leche-y-huevo.png";"https://gepsapetfoods.com/wp-content/uploads/2026/04/CariAmici-Gatitos_WEB.png";"https://gepsapetfoods.com/cari-amici/"
"cari-amici-cari-amici-premium-gatos-salmon-y-merluza-austral";"GEPSA Pet Foods";"Cari Amici";"Canal Tradicional";"gato";"adulto";"Cari Amici Premium Gatos Salmón y Merluza Austral";"1 kg";"";"";"{""Peso del gato (kg)"":""Ración diaria (g)"",""Sedentarios/indoor/castrados"":""Activos/no castrados"",""2 a 4"":""40 a 70 50 a 80"",""5 a 7"":""80 a 110 90 a 130""}";"Imagenes_Alimentos/Gepsa/canal_tradicional/gatos/cari-amici/cari-amici-premium-gatos-salmon-y-merluza-austral.png";"https://gepsapetfoods.com/wp-content/uploads/2026/04/CariAmici-Gatos-SalmonMerluza_WEB.png";"https://gepsapetfoods.com/cari-amici/"
"cari-amici-cari-amici-premium-gatos-carne-pollo-merluza-y-atun";"GEPSA Pet Foods";"Cari Amici";"Canal Tradicional";"gato";"adulto";"Cari Amici Premium Gatos Carne, Pollo, Merluza y Atún";"1 kg";"";"";"{""Peso del gato (kg)"":""Ración diaria (g)"",""Sedentarios/indoor/castrados"":""Activos/no castrados"",""2 a 4"":""40 a 70 50 a 80"",""5 a 7"":""80 a 110 90 a 130""}";"Imagenes_Alimentos/Gepsa/canal_tradicional/gatos/cari-amici/cari-amici-premium-gatos-carne-pollo-merluza-y-atun.png";"https://gepsapetfoods.com/wp-content/uploads/2026/04/CariAmici-Gatos-CarnePolloPescado_WEB.png";"https://gepsapetfoods.com/cari-amici/"
"ganacan-ganacat-ganacan-cachorros-leche-y-carne";"GEPSA Pet Foods";"Ganacan / Ganacat";"Canal Tradicional";"perro";"cachorro";"Ganacan Cachorros Leche y Carne";"15 kg, 22 kg";"";"";"{""Proteína bruta (mínimo)"":""25.0 %"",""Extracto etéreo (mínimo)"":""10.0 %"",""Fibra bruta (máximo)"":""4.5 %"",""Minerales totales (máximo)"":""10.0 %"",""Humedad (máximo)"":""10.0 %"",""Calcio (mínimo y máximo)"":""1.1 – 1.6 %"",""Fósforo (mínimo y máximo)"":""0.9 – 1.4 %""}";"Imagenes_Alimentos/Gepsa/canal_tradicional/perros/ganacan-ganacat/ganacan-cachorros-leche-y-carne.png";"https://gepsapetfoods.com/wp-content/uploads/2021/10/ganacan_Puppies_LC.png";"https://gepsapetfoods.com/ganacan-ganacat/"
"ganacan-ganacat-ganacan-perros-adultos-sabor-carne";"GEPSA Pet Foods";"Ganacan / Ganacat";"Canal Tradicional";"perro";"adulto";"Ganacan Perros Adultos sabor Carne";"15 kg, 22 kg";"";"";"{""Proteína bruta (mínimo)"":""19.0 %"",""Extracto etéreo (mínimo)"":""7.0 %"",""Fibra bruta (máximo)"":""4.5 %"",""Minerales totales (máximo)"":""8.5 %"",""Humedad (máximo)"":""10.0 %"",""Calcio (mínimo y máximo)"":""1.0 – 2.0 %"",""Fósforo (mínimo y máximo)"":""0.7 – 1.4 %""}";"Imagenes_Alimentos/Gepsa/canal_tradicional/perros/ganacan-ganacat/ganacan-perros-adultos-sabor-carne.png";"https://gepsapetfoods.com/wp-content/uploads/2021/10/ganacan_Adulto_carne.png";"https://gepsapetfoods.com/ganacan-ganacat/"
"ganacan-ganacat-ganacan-perros-adultos-mix-carne-higado-y-pollo";"GEPSA Pet Foods";"Ganacan / Ganacat";"Canal Tradicional";"perro";"adulto";"Ganacan Perros Adultos Mix (Carne, Hígado y Pollo)";"15 kg, 22 kg";"";"";"{""Proteína bruta (mínimo)"":""19.0 %"",""Extracto etéreo (mínimo)"":""7.0 %"",""Fibra bruta (máximo)"":""4.5 %"",""Minerales totales (máximo)"":""8.5 %"",""Humedad (máximo)"":""10.0 %"",""Calcio (mínimo y máximo)"":""1.0 – 2.0 %"",""Fósforo (mínimo y máximo)"":""0.7 – 1.4 %""}";"Imagenes_Alimentos/Gepsa/canal_tradicional/perros/ganacan-ganacat/ganacan-perros-adultos-mix-carne-higado-y-pollo.png";"https://gepsapetfoods.com/wp-content/uploads/2021/10/ganacan_Adulto_mix.png";"https://gepsapetfoods.com/ganacan-ganacat/"
"ganacan-ganacat-ganacat-gatos-adultos-sabor-pescado";"GEPSA Pet Foods";"Ganacan / Ganacat";"Canal Tradicional";"gato";"adulto";"Ganacat Gatos Adultos sabor Pescado";"10 kg, 15 kg";"";"";"{""Proteína bruta (mínimo)"":""26.0 %"",""Extracto etéreo (mínimo)"":""9.0 %"",""Fibra bruta (máximo)"":""4.0 %"",""Minerales totales (máximo)"":""8.0 %"",""Humedad (máximo)"":""10.0 %"",""Calcio (mínimo y máximo)"":""1.5 – 2.5 %"",""Fósforo (mínimo y máximo)"":""0.5 – 1.5 %""}";"Imagenes_Alimentos/Gepsa/canal_tradicional/gatos/ganacan-ganacat/ganacat-gatos-adultos-sabor-pescado.png";"https://gepsapetfoods.com/wp-content/uploads/2021/10/ganacat_adulto_pescado.png";"https://gepsapetfoods.com/ganacan-ganacat/"
"ganacan-ganacat-ganacat-gatos-adultos-mix-pescado-carne-y-pollo";"GEPSA Pet Foods";"Ganacan / Ganacat";"Canal Tradicional";"gato";"adulto";"Ganacat Gatos Adultos Mix (Pescado, Carne y Pollo)";"10 kg, 15 kg";"";"";"{""Proteína bruta (mínimo)"":""26.0 %"",""Extracto etéreo (mínimo)"":""9.0 %"",""Fibra bruta (máximo)"":""4.0 %"",""Minerales totales (máximo)"":""8.0 %"",""Humedad (máximo)"":""10.0 %"",""Calcio (mínimo y máximo)"":""1.5 – 2.5 %"",""Fósforo (mínimo y máximo)"":""0.5 – 1.5 %""}";"Imagenes_Alimentos/Gepsa/canal_tradicional/gatos/ganacan-ganacat/ganacat-gatos-adultos-mix-pescado-carne-y-pollo.png";"https://gepsapetfoods.com/wp-content/uploads/2021/10/ganacat_adulto_mix.png";"https://gepsapetfoods.com/ganacan-ganacat/"
"compinches-compinches-alimento-balanceado-completo-para-perros-adultos";"GEPSA Pet Foods";"Compinches";"Canal Tradicional";"perro";"adulto";"Compinches Alimento Balanceado Completo para Perros Adultos";"20 kg, 25 kg, 45 kg";"Nutrición completa y balanceada para tu mascota con proteínas de origen animal.";"";"{""Proteína cruda (mínimo)"":""18.0 %"",""Extracto etéreo (mínimo)"":""6.5 %"",""Fibra bruta (máximo)"":""4.5 %"",""Minerales totales (máximo)"":""8.0 %"",""Humedad (máximo)"":""10.0 %"",""Calcio (mínimo y máximo)"":""1.2 &#8211; 2.2 %"",""Fósforo (mínimo y máximo)"":""1.0 &#8211; 1.4 %""}";"Imagenes_Alimentos/Gepsa/canal_tradicional/perros/compinches/compinches-alimento-balanceado-completo-para-perros-adultos.png";"https://gepsapetfoods.com/wp-content/uploads/2021/07/compinche_perro_carne01.png";"https://gepsapetfoods.com/compinches/"
"compinches-compinches-alimento-balanceado-completo-para-perros-cachorros-y-adultos-gestante-lactante";"GEPSA Pet Foods";"Compinches";"Canal Tradicional";"perro";"cachorro";"Compinches Alimento Balanceado Completo para Perros Cachorros y Adultos (Gestante/Lactante)";"8 Kg, 25 kg, 100 g";"Nutrición completa y balanceada para tu mascota con proteínas de origen animal.";"";"{""Proteína cruda (mínimo)"":""25.0 %"",""Extracto etéreo (mínimo)"":""10.0 %"",""Fibra bruta (máximo)"":""4.5   %"",""Calcio (mínimo)"":""1.1    %"",""Calcio (máximo)"":""1.6    %"",""Fósforo (mínimo)"":""0.9   %"",""Fósforo (máximo)"":""1.4    %"",""Minerales totales (máximo)"":""10.0 %"",""Humedad (máximo)"":""10.0 %""}";"Imagenes_Alimentos/Gepsa/canal_tradicional/perros/compinches/compinches-alimento-balanceado-completo-para-perros-cachorros-y-adultos-gestante-lactante.png";"https://gepsapetfoods.com/wp-content/uploads/2026/08/compinche_perro_cach02.png";"https://gepsapetfoods.com/compinches/"
"compinches-compinches-nutricion-completa-y-balanceada-para-gato-adulto";"GEPSA Pet Foods";"Compinches";"Canal Tradicional";"gato";"adulto";"Compinches Nutrición Completa y Balanceada para Gato Adulto";"10 kg, 20 kg, 40 gr";"Nutrición completa y balanceada para tu mascota con proteínas de origen animal.";"";"{""Proteína bruta (mínimo)"":""25.0 %"",""Extracto etéreo (mínimo)"":""8.0 %"",""Fibra bruta (máximo)"":""4.5 %"",""Calcio (mínimo)"":""1.0 %"",""Calcio (máximo)"":""1.2 %"",""Fósforo (mínimo)"":""0.7 %"",""Fósforo (máximo)"":""0.9 %"",""Minerales totales (máximo)"":""7.0 %"",""Humedad (máximo)"":""10.0 %""}";"Imagenes_Alimentos/Gepsa/canal_tradicional/gatos/compinches/compinches-nutricion-completa-y-balanceada-para-gato-adulto.png";"https://gepsapetfoods.com/wp-content/uploads/2021/07/compinche_gato_pescado01.png";"https://gepsapetfoods.com/compinches/"
"fishy-fishy-gatos-adultos-sabor-pescado";"GEPSA Pet Foods";"Fishy";"Canal Tradicional";"gato";"adulto";"Fishy Gatos Adultos Sabor Pescado";"8 kg, 15 kg, 50 g";"Alimento completo y balanceado con exquisito sabor a pescado y taurina.";"";"{""Proteína bruta (mínimo)"":""25.0 %"",""Extracto etéreo (mínimo)"":""8.0 %"",""Fibra bruta (máximo)"":""4.5 %"",""Minerales totales (máximo)"":""8.0 %"",""Humedad (máximo)"":""10.0 %"",""Calcio (mínimo y máximo)"":""1.0  -2.0 %"",""Fósforo (mínimo y máximo)"":""0.7-1.2 %""}";"Imagenes_Alimentos/Gepsa/canal_tradicional/gatos/fishy/fishy-gatos-adultos-sabor-pescado.png";"https://gepsapetfoods.com/wp-content/uploads/2021/07/fishy_product_01.png";"https://gepsapetfoods.com/fishy/"
"zimpi-zimpi-alimento-balanceado-completo-para-perros-sabor-carne";"GEPSA Pet Foods";"Zimpi";"Canal Tradicional";"perro";"adulto";"Zimpi Alimento Balanceado Completo para Perros Sabor Carne";"15 kg, 25 kg";"Alimento balanceado completo para perros.";"";"{""Proteína bruta ( mínimo)"":""18.0 %"",""Extracto etéreo (mínimo)"":""6.0 %"",""Fibra bruta (máximo)"":""5.0 %"",""Minerales totales (máximo)"":""10.0 %"",""Humedad (máximo)"":""10.0 %"",""Calcio (mínimo y máximo)"":""1.2 &#8211; 2.2 %"",""Fósforo (mínimo y máximo)"":""1.0    &#8211; 1.4 %""}";"Imagenes_Alimentos/Gepsa/canal_tradicional/perros/zimpi/zimpi-alimento-balanceado-completo-para-perros-sabor-carne.png";"https://gepsapetfoods.com/wp-content/uploads/2021/07/zimpi_perro_01.png";"https://gepsapetfoods.com/zimpi/"
"zimpi-zimpi-alimento-balanceado-completo-para-gatos-sabor-pescado";"GEPSA Pet Foods";"Zimpi";"Canal Tradicional";"gato";"adulto";"Zimpi Alimento Balanceado Completo para Gatos Sabor Pescado";"10 kg, 15 kg, 50 g";"Alimento balanceado completo para gatos.";"";"{""Proteína bruta ( % mínimo)"":""25.0"",""Extracto etéreo (% mínimo)"":""8.0"",""Fibra bruta (% máximo)"":""4.5"",""Minerales totales (% máximo)"":""8.0"",""Humedad (% máximo)"":""10.0"",""Calcio (% mínimo y máximo)"":""1.2-2.0"",""Fósforo (% mínimo y máximo)"":""0.7-1.4""}";"Imagenes_Alimentos/Gepsa/canal_tradicional/gatos/zimpi/zimpi-alimento-balanceado-completo-para-gatos-sabor-pescado.png";"https://gepsapetfoods.com/wp-content/uploads/2021/07/zimpi_gato_01.png";"https://gepsapetfoods.com/zimpi/"
"magnificos-magnificos-nutricion-completa-y-balanceada-para-perros-adultos-fantasticos";"GEPSA Pet Foods";"Magníficos";"Canal Tradicional";"perro";"adulto";"Magníficos Nutrición Completa y Balanceada para Perros Adultos Fantásticos";"10 kg, 18 kg, 100 g";"Alimento balanceado completo para perros adultos con ingredientes nobles.";"";"{""Proteína bruta (mínimo)"":""18.0 %"",""Extracto etéreo (mínimo)"":""7.0 %"",""Fibra cruda (máximo)"":""4.5 %"",""Minerales totales (máximo)"":""8.0 %"",""Humedad (máximo)"":""10.0 %"",""Calcio (mínimo &#8211; máximo)"":""1.2 &#8211; 2.2 %"",""Fósforo (mínimo &#8211; máximo)"":""1.0 &#8211; 1.4 %""}";"Imagenes_Alimentos/Gepsa/canal_tradicional/perros/magnificos/magnificos-nutricion-completa-y-balanceada-para-perros-adultos-fantasticos.png";"https://gepsapetfoods.com/wp-content/uploads/2021/07/magnifico_perros_ch01.png";"https://gepsapetfoods.com/magnificos/"
"magnificos-magnificos-nutricion-completa-y-balanceada-para-gatos-adultos-fantasticos";"GEPSA Pet Foods";"Magníficos";"Canal Tradicional";"gato";"adulto";"Magníficos Nutrición Completa y Balanceada para Gatos Adultos Fantásticos";"8 kg, 40 g";"Alimento balanceado completo para gatos adultos con ingredientes nobles.";"";"{""Proteína bruta (mínimo)"":""25.0 %"",""Extracto etéreo (mínimo)"":""8.0 %"",""Fibra cruda (máximo)"":""4.5 %"",""Minerales totales (máximo)"":""7.0 %"",""Humedad (máximo)"":""10.0 %"",""Calcio (mínimo &#8211;  máximo)"":""1.0 &#8211; 1.2 %"",""Fósforo (mínimo &#8211; máximo)"":""0.7 &#8211; 0.9 %""}";"Imagenes_Alimentos/Gepsa/canal_tradicional/gatos/magnificos/magnificos-nutricion-completa-y-balanceada-para-gatos-adultos-fantasticos.png";"https://gepsapetfoods.com/wp-content/uploads/2021/07/magnifico_gatos_ch01.png";"https://gepsapetfoods.com/magnificos/"